obsid,uid,ra,dec,snrg,snrr,teff,logg,loghe
1609192,G17324886413113,12.603208,41.554102,44.09,73.26,38877±756,5.8±0.09,-3.78±0.72
2915216,G17208325040366,3.593379,28.615494,87.9,47.74,25646±290,5.26±0.03,-3.91±0.33
8503076,G16612319534015,86.197835,27.342228,32.41,33.88,49907±2694,5.43±0.13,-3.25±0.19
18602065,G16439735285474,147.446554,30.005919,38.5,48.58,37861±1119,5.1±0.11,-2.4±0.25
20204062,G15815923960949,166.744422,50.516959,104.61,141.54,24609±677,5.34±0.06,-3.93±0.5
21103229,G17125324456934,38.963972,1.312544,41.1,44.1,34476±1125,5.13±0.14,-3.03±0.4
27404060,L17344785584089,19.685237,31.983783,52.8,28.39,23219±843,5.73±0.06,-2.8±0.18
31907038,G16597061770719,89.682602,27.30565,41.65,46.19,40796±659,5.73±0.09,-1.42±0.07
36001140,G15005567337021,187.176036,25.830065,33.26,22.29,42323±815,6.23±0.08,-2.64±0.26
37003123,P15994853341282,100.15256,10.394144,45.92,28.04,21490±350,5.0±0.04,-2.12±0.06
37003187,G15998054011875,100.55307,9.502543,33.6,24.62,41328±615,6.08±0.07,-2.35±0.11
37103135,G15995286815232,100.7174,10.229534,30.97,31.84,37397±804,5.77±0.1,-2.18±0.19
37906217,G16201600049307,102.845,12.286806,25.36,12.88,22976±559,5.08±0.07,-4.0±0.6
39907177,G17514436604219,72.00852,39.478664,68.53,119.19,46999±6309,5.18±0.25,-3.5±0.66
43806088,G16202826636543,102.5053,17.196834,45.32,62.45,33492±515,5.36±0.07,-3.99±1.07
43806090,G16171668054401,102.05891,17.182305,33.15,38.77,33537±365,6.05±0.07,-2.7±0.17
44414059,L16005949403954,97.968833,5.031728,53.39,62.02,41574±572,5.1±0.08,-1.07±0.05
44715060,G15516127454547,168.693244,29.060081,50.34,65.94,37999±839,5.4±0.1,-3.9±0.93
46702057,G16185043922062,111.32651,5.398972,45.34,61.52,30984±778,5.11±0.12,-2.9±0.29
51403167,G11669684569951,236.41337,-1.026111,66.89,88.9,38248±1004,5.32±0.09,-3.7±0.54
52807211,G14041518894845,295.879025,38.150836,49.41,83.63,30000±326,5.97±0.06,-3.97±0.49
55907100,G12764527958654,332.693984,-3.675644,37.55,21.61,32271±197,6.1±0.04,-3.11±0.2
56902156,G17559478152478,31.439981,25.162471,25.73,23.44,29743±494,6.08±0.1,-3.85±0.8
56912028,G17574009991781,34.901199,28.692981,40.08,38.32,20000±783,5.49±0.13,-0.75±0.62
59503227,G17203071077189,9.113308,27.166863,86.09,73.71,37172±371,6.08±0.05,-2.9±0.28
60208009,G13441462390850,350.756397,22.600366,60.61,102.16,36910±703,5.47±0.08,-4.0±1.0
60215065,L13306268164201,349.012855,24.05517,49.02,92.75,33559±347,6.04±0.07,-3.38±0.42
67509195,G13392297826931,325.980261,2.689616,40.1,66.62,41777±1034,6.12±0.11,-2.74±0.32
67509197,G13392256781377,325.911905,2.980398,32.02,54.52,52573±1839,6.23±0.09,-3.6±0.28
68101128,G16659859340689,59.427506,1.25594,63.26,105.73,46719±1622,5.45±0.08,-3.7±0.18
72501250,G12648872746472,349.837854,-0.168844,26.05,20.74,32073±528,5.66±0.09,-2.87±0.31
74515238,G13444122113020,348.284196,13.039584,29.79,32.35,40068±933,5.9±0.1,-3.66±1.14
75308133,G13408117034376,335.711293,15.758321,97.21,173.12,30320±352,6.02±0.07,-3.5±0.3
75607040,G13363826979960,335.996718,5.458106,64.62,108.26,31961±332,6.17±0.07,-3.33±0.37
76513175,G13241585004180,347.414761,4.763906,42.42,50.77,32578±561,5.64±0.1,-3.06±0.34
83206133,L16087727081850,91.875994,37.903034,24.21,41.34,35585±633,5.52±0.09,-2.97±0.28
83413073,G10572630726338,148.47397,-5.889747,75.77,121.96,37291±914,5.1±0.08,-3.01±0.26
88602088,G9930545330095,109.99775,-2.323841,47.08,46.2,32381±1146,5.77±0.22,-2.61±0.51
88701115,G10119768444498,111.98773,-2.315956,19.73,13.11,20460±432,5.12±0.06,-3.22±0.32
88801157,G10119905759824,111.4606,-1.991271,118.05,153.14,27085±695,5.34±0.08,-3.63±0.31
89402213,G16627527205727,78.233618,30.931453,71.62,70.79,29092±446,5.52±0.07,-3.09±0.22
89515012,L16624506135758,79.755342,33.746257,38.82,38.9,24781±1017,5.0±0.11,-3.19±0.03
89516111,P16624042319075,79.080743,34.310177,33.37,38.75,43214±1102,5.26±0.14,-1.09±0.08
89715003,G16624482424783,79.390401,33.726845,15.45,24.64,38545±1038,5.1±0.18,-0.75±0.09
91901243,G16237860751772,114.49801,29.552271,18.07,26.6,34581±1083,5.14±0.15,-2.57±0.22
95915240,G16347649806751,142.154347,13.624223,33.96,48.06,33397±748,5.2±0.11,-3.26±0.42
96705040,L17550052851844,52.815425,41.727874,332.47,339.76,30813±1576,5.0±0.23,-1.96±0.18
101701119,L15545791942635,140.5853,1.049268,24.66,26.13,31045±767,5.15±0.12,-2.88±0.25
103405167,G15448052978088,170.977744,9.628229,68.89,78.44,38090±914,5.21±0.08,-3.39±0.47
105004116,G17127923327558,38.224241,3.249354,67.35,90.79,36810±610,5.9±0.09,-3.9±1.49
107616182,G17529521385419,53.920599,34.52191,42.3,52.01,31119±491,5.2±0.08,-2.6±0.1
108002164,G16511717821086,86.408732,18.964933,339.96,341.82,32421±1462,5.1±0.22,-2.12±0.27
108002165,G16511725246590,86.574647,18.836385,37.95,44.77,47155±1214,6.0±0.09,-2.37±0.21
108406173,G16919782461939,81.934917,50.677928,31.14,46.87,32857±443,5.66±0.08,-3.29±0.37
108414062,G16917544851430,75.839248,51.48238,230.63,321.12,35632±476,5.15±0.07,-1.56±0.07
108514165,G16917661859964,76.070392,52.013925,34.4,28.07,22462±480,5.05±0.06,-3.55±0.25
108907010,G16157412131122,106.66464,22.352846,128.37,156.28,29962±3061,5.1±0.37,-1.59±0.32
110910105,G15804675029118,101.52977,57.461316,28.57,32.17,32999±5161,5.58±0.97,-2.42±1.42
115709085,G11195778373930,214.401671,-4.574742,33.3,18.71,37661±288,5.76±0.05,-1.57±0.05
115715032,G11195788589182,213.941882,-4.588898,41.69,64.27,38652±652,5.85±0.08,-2.68±0.28
116309181,G16098120328808,90.467207,24.749451,19.77,26.7,34760±491,6.02±0.08,-3.26±0.41
120202216,L14942911515116,209.265601,14.65044,36.06,43.14,37379±641,6.15±0.09,-3.27±0.62
120803079,G15644113985333,171.275072,15.212196,64.21,71.21,32402±514,5.07±0.08,-3.85±0.9
123306179,G17467358315460,77.413444,38.848944,19.85,31.02,40313±795,5.61±0.08,-2.46±0.19
124608095,G16248012315700,114.84113,37.143034,44.06,58.21,23875±987,5.03±0.11,-3.05±0.26
125315069,G10047295955042,129.72298,-3.476679,32.99,30.67,38845±728,5.98±0.1,-3.69±1.65
129202202,G16200061286702,110.04285,8.662672,37.78,27.65,27600±641,5.73±0.08,-3.63±0.37
140103178,G15197713352848,220.385284,8.110771,65.02,71.03,36702±589,5.7±0.08,-3.22±0.6
140804146,G15392349470435,223.84763,36.016864,54.38,78.09,40083±968,5.9±0.1,-3.7±1.36
141204195,G10553503404246,148.741265,-0.721594,44.54,54.67,33683±584,5.66±0.1,-2.96±0.31
142014109,G14956648910031,205.413566,6.361704,45.68,62.88,34997±543,5.7±0.09,-2.74±0.23
142904053,G15058995617667,203.875128,14.413136,34.66,45.96,30738±484,5.23±0.07,-3.14±0.33
150302015,G15161117963049,206.582918,51.406664,43.83,48.99,24620±2256,5.1±0.25,-3.63±1.06
156913100,G17168162552039,34.166511,6.056501,65.27,100.14,38999±974,5.5±0.09,-3.64±0.71
157002178,L13429637948180,337.692672,10.648192,59.14,78.97,28723±980,5.1±0.13,-3.9±0.72
157202109,G14077508372886,293.769858,46.236897,37.02,32.51,34763±607,5.6±0.09,-3.14±0.31
157304177,G17586274631280,51.603061,35.552788,217.59,222.47,26418±1542,5.1±0.16,-2.98±0.3
157601120,G17232069815858,11.312052,25.610235,36.71,60.49,33714±820,5.33±0.12,-2.98±0.29
157616227,G17245903901087,9.337793,29.664015,60.55,76.93,38211±953,5.3±0.09,-3.67±0.6
158106165,G9422007631940,50.671608,-7.311202,46.55,26.65,37000±576,6.08±0.1,-4.04±0.82
158706037,G13207128405382,354.39028,4.859099,168.11,208.68,35107±848,5.1±0.09,-3.52±0.53
158814048,G14085377795037,296.611792,45.792369,38.95,61.78,42480±893,5.62±0.11,-1.38±0.08
158815078,G14066285021306,298.887375,46.879028,23.66,24.63,28298±613,5.62±0.09,-3.66±0.82
158915081,G14066060289135,298.491917,46.778778,22.32,18.38,23297±800,5.21±0.09,-3.7±0.55
159503092,G13231503378763,341.87129,3.551719,73.64,82.36,35862±577,5.7±0.09,-3.32±0.65
160710087,G13253268718867,350.35494,4.397054,59.02,74.74,36346±753,5.49±0.09,-3.39±0.66
160802166,G14071519206409,297.200667,44.540183,25.76,20.57,41995±724,6.16±0.1,-1.48±0.09
160815081,G14066241068030,298.547,46.782528,31.58,28.24,20955±439,5.18±0.06,-3.29±0.32
162301086,L14072819927905,297.234917,39.553778,32.21,67.84,30747±495,5.9±0.09,-3.76±0.32
162401169,G17440746527850,47.569312,20.028502,146.33,226.06,35794±690,5.31±0.08,-3.61±0.99
164102075,G17575231483538,34.975663,39.580464,55.54,80.74,39433±943,5.67±0.1,-3.7±0.6
164306246,G13323889497475,346.401764,34.698363,104.22,58.53,26938±280,5.1±0.03,-2.43±0.03
169402139,G17484473480225,64.302847,51.673208,33.2,42.86,29481±643,5.45±0.1,-3.3±0.33
170603015,L17403566188234,60.174191,23.64308,50.76,66.22,36747±499,5.6±0.07,-3.67±0.88
171010190,G16848568816150,4.219999,54.54659,45.83,66.55,39101±889,6.15±0.11,-3.43±0.8
171705174,G16733360865983,88.428156,21.873148,103.44,123.04,33311±1724,5.1±0.25,-1.69±0.2
172209184,G14178579898627,326.299669,41.597311,23.56,10.17,28000±525,5.89±0.08,-3.4±0.3
172215104,G14251159559266,324.471489,41.822288,26.99,20.83,30149±504,6.01±0.1,-3.49±0.62
174103061,G17054564667185,2.7787,8.17826,77.62,97.47,32975±661,5.1±0.1,-3.15±0.33
177001155,G17567000532324,35.74892,36.383514,18.29,31.49,40874±895,6.2±0.1,-2.72±0.38
177313159,L16094145822914,96.290881,36.077919,42.48,45.46,38790±833,5.4±0.1,-2.02±0.11
177902217,G16155083048825,107.52976,20.148934,42.82,25.38,31532±232,6.25±0.05,-3.6±0.56
178304112,L17181474169583,2.569348,40.203805,17.96,10.2,32765±420,5.83±0.09,-2.64±0.16
180212064,G14172977823193,348.876073,43.158041,35.49,51.51,26707±2133,5.78±0.17,-3.65±0.11
180312011,G17547563091978,37.381347,44.589916,65.92,81.06,29097±672,5.21±0.07,-3.62±0.7
180416167,G17364388019686,33.852729,44.479313,21.82,15.18,29027±346,5.7±0.06,-2.92±0.14
181213182,P9351478819751,83.772392,-4.727703,27.01,11.63,26999±1705,5.01±0.18,-1.42±0.11
181301130,G17058585465997,2.873953,3.328801,112.74,145.26,34238±823,5.1±0.1,-3.91±1.0
181316160,L17053051334342,1.280734,6.30415,92.71,110.7,39990±821,5.78±0.09,-3.7±0.92
181604165,G16229211398175,105.57857,47.040932,28.86,19.54,21027±430,5.7±0.06,-3.9±1.04
181701187,G16228756650699,106.81373,44.618201,29.35,21.48,25154±734,5.55±0.08,-3.35±0.28
181711084,G16230467427087,105.90867,48.706312,42.21,36.28,33311±696,5.15±0.1,-3.56±0.61
181901014,G17530516783100,57.588978,32.334431,38.75,40.83,23049±754,5.09±0.09,-3.01±0.2
182905124,G17048194190027,6.689338,3.15597,69.85,84.78,39796±735,6.03±0.08,-3.7±1.02
182907196,G17050731980212,7.925894,2.628941,59.03,68.62,30671±627,5.1±0.1,-4.04±0.62
185205027,G17480398512569,55.737374,45.077098,58.96,69.14,29852±661,5.0±0.09,-2.09±0.08
185209045,G17485355066544,57.336671,46.853394,31.17,28.07,28825±506,6.27±0.08,-3.86±0.86
185311053,G17488346131468,56.822945,47.6814,21.3,17.52,20767±634,5.32±0.08,-4.0±1.02
186208200,G17247342924141,12.256961,29.930729,93.93,90.37,34208±756,5.1±0.09,-3.51±0.47
187315172,G16085531003212,90.411349,35.020705,31.02,36.19,35240±417,5.28±0.07,-1.04±0.04
188009108,G17529352144106,54.273996,33.176992,34.64,44.03,27259±1126,5.06±0.12,-2.53±0.1
190216232,G17520326466392,63.349168,44.333752,16.47,10.69,30718±469,5.6±0.08,-2.0±0.07
190306135,G17522841115507,67.724762,41.803616,31.34,47.71,35707±602,6.24±0.1,-3.7±1.1
191914109,L15740477888052,91.466927,48.246506,122.08,83.51,46969±433,5.1±0.05,-1.01±0.03
192308116,G17193136431688,6.536535,37.305943,45.6,42.46,25258±1110,5.01±0.12,-3.18±0.26
194702205,G17498784395507,60.108643,32.235294,26.22,15.53,31002±246,5.82±0.05,-2.29±0.09
197002091,G14893215271859,181.796114,15.402541,38.86,39.13,39006±641,6.24±0.09,-3.54±0.68
197111177,G17322816483618,16.504578,42.021675,29.49,27.38,29728±657,5.13±0.1,-3.17±0.32
198609024,G17127429774891,38.807964,3.485625,35.99,40.36,34999±866,5.2±0.12,-3.96±1.37
200003112,L17396295215002,39.003512,8.913327,28.62,27.95,38983±762,6.14±0.11,-3.7±1.89
200206105,G16336989302580,123.87894,21.376283,30.79,38.36,32791±6444,5.3±1.03,-3.06±3.37
200315031,G15488083113408,162.972306,33.456123,125.99,160.17,35761±795,5.3±0.1,-3.97±2.01
200803142,G16352960650013,137.17027,18.551773,87.79,89.72,32602±637,5.1±0.1,-3.33±0.5
201610134,G16099408292553,93.722823,23.667083,28.35,23.31,26492±964,5.16±0.1,-3.28±0.23
202606111,G17334848724353,26.352429,27.157877,43.56,48.44,32308±878,5.1±0.13,-3.29±0.51
203512092,G17500948609776,62.586852,35.694329,42.15,47.1,51632±1730,5.78±0.09,-3.14±0.13
204902185,G16141103697264,92.269123,33.923667,76.0,92.04,27628±793,5.07±0.09,-3.62±0.45
204916191,G16087980687739,92.579451,36.836462,24.12,20.63,25000±777,5.21±0.08,-2.66±0.13
205102201,G10688479610337,160.849042,-4.040891,61.72,74.79,40707±799,6.0±0.09,-3.71±0.4
205110225,G10466527992317,160.533758,-2.292473,75.57,94.0,42313±1086,5.82±0.09,-4.0±0.78
205115048,G10464773121878,162.335731,-0.562961,54.17,54.44,27712±992,5.34±0.12,-3.6±0.51
206404048,G15547685740484,141.321686,3.497675,24.39,22.94,52363±3934,5.75±0.18,-3.7±2.95
206814227,G15428843370256,162.812674,0.452384,64.61,80.87,35999±790,5.32±0.1,-3.01±0.35
207115225,G9911061563332,92.110573,-5.341344,36.29,30.89,34430±459,5.0±0.08,-1.07±0.05
208716099,P16545659011805,80.427103,8.431806,22.61,17.85,36283±1010,5.1±0.18,-0.79±0.1
211802206,G17489657587705,62.130876,27.946457,40.2,48.74,33024±557,5.69±0.1,-3.23±0.35
214716224,G17527460246764,60.688036,28.077498,35.61,37.29,21684±745,5.2±0.1,-3.51±0.44
215611234,G16073611280381,122.94797,11.620904,83.49,92.51,32649±516,5.49±0.1,-2.89±0.23
220005071,G16104310558139,99.444386,23.881739,95.15,125.27,20024±742,5.1±0.1,-3.61±0.7
220915009,L15340167366797,236.679132,29.596317,43.11,55.52,37999±1058,5.18±0.11,-3.92±0.9
225116160,L10451910773037,173.477171,-0.033273,73.11,63.46,31874±650,5.3±0.12,-3.17±0.44
229103218,G16159310847057,114.93766,15.663127,24.5,29.36,35270±548,6.11±0.09,-2.03±0.14
229203238,G10448737695312,177.463859,-2.082879,56.88,67.86,33999±890,5.17±0.11,-2.63±0.3
229403176,G15189857071307,223.492691,5.359252,32.16,31.14,38418±918,5.38±0.1,-3.03±0.51
229905116,G15616733978632,157.596413,0.779747,100.2,151.71,41117±957,6.13±0.1,-3.07±0.51
229906108,G15427978868132,159.456928,0.288569,39.63,49.23,34805±808,5.3±0.11,-3.01±0.39
230108141,G15373737810038,211.94814,31.055454,89.92,109.61,35238±523,5.59±0.08,-1.74±0.07
231602082,G15252845640584,226.239036,17.547008,68.25,104.54,34799±891,5.1±0.11,-3.32±0.51
235606037,L15212346497944,228.76573,22.3563,36.3,43.57,37173±622,6.2±0.1,-2.91±0.37
236905115,G14924258749465,214.887795,2.673212,56.07,73.79,38295±803,5.7±0.09,-2.96±0.31
238209185,G14381384880209,247.627774,24.669937,105.18,158.53,34023±560,5.7±0.08,-3.91±1.06
242616204,G14032957097340,280.035596,48.150292,18.38,28.6,30422±680,5.53±0.13,-2.62±0.22
242716204,G14032964930345,280.113058,48.198422,14.29,19.32,31097±591,5.73±0.12,-2.33±0.17
243001033,L14023482899155,285.239622,37.72969,134.74,150.45,36917±374,5.07±0.05,-1.45±0.04
243209172,L15227417250805,217.45521,16.857237,32.02,30.87,26656±1052,5.0±0.12,-3.59±0.46
243501169,G17457363103209,84.112526,42.22491,30.36,34.11,30593±930,5.1±0.15,-2.06±0.19
244101126,G15434762746668,165.4751,1.831863,24.38,34.41,36447±982,5.1±0.11,-2.47±0.25
248504164,G14113946017724,323.643041,15.133075,37.35,48.62,41496±919,6.1±0.1,-2.96±0.45
252908077,G17386964471978,44.527731,1.794118,65.16,120.2,40917±875,5.93±0.09,-3.38±0.95
255710118,G9935172995828,102.633405,-0.449692,140.9,180.87,29185±2020,5.0±0.28,-2.26±0.26
256711147,G17332180814381,11.204544,47.064508,45.19,39.18,28324±436,5.09±0.06,-3.3±0.18
258512086,G17328040313159,12.376507,48.625371,48.97,26.3,29181±633,5.1±0.09,-2.77±0.17
259404084,G16841394077147,16.209606,52.007592,86.75,100.71,24169±1742,5.0±0.11,-3.95±0.92
266103154,G12751787449525,326.736295,-0.421065,45.15,47.26,39857±891,6.14±0.1,-3.7±1.61
266111125,G13358261048785,327.848926,1.493325,40.57,45.16,36287±782,5.75±0.11,-3.03±0.54
266211112,G16755207760458,77.096688,20.788337,36.2,38.53,22493±651,5.0±0.08,-1.96±0.07
266712010,G17056090867099,5.554425,3.583987,32.48,26.62,36496±492,5.76±0.08,-1.69±0.06
267510226,G13249064371828,350.424682,8.725043,48.23,52.38,36670±634,6.0±0.09,-3.5±0.97
268011086,G16181506700139,96.723583,17.7905,116.96,135.38,29475±1919,5.0±0.27,-3.02±0.38
268301195,G9353236541457,83.070674,-0.292471,45.31,70.65,33152±506,5.75±0.08,-2.91±0.21
269304087,G16621256550907,86.174958,32.816833,69.0,99.66,49854±834,5.36±0.06,-1.32±0.04
270902080,G13266058112708,358.47012,40.529178,50.48,51.47,29556±650,6.01±0.12,-2.99±0.4
270904199,G13266352605339,359.8629,42.160237,51.52,68.97,43859±1195,5.75±0.09,-4.16±0.4
271004221,G17180401321858,0.630394,42.886112,151.44,148.55,30931±224,5.4±0.04,-2.59±0.06
273802229,G17532169104635,46.494222,25.535583,31.68,37.76,30600±531,5.41±0.1,-2.99±0.25
279009091,G16740507930131,81.916218,21.999723,57.8,77.57,27978±3280,5.1±0.36,-2.49±0.51
279115028,L16740548530525,81.444089,22.058096,50.86,67.22,33459±1436,5.1±0.21,-1.77±0.23
279706112,L16032148792072,118.43,19.273399,139.5,163.78,34472±560,6.1±0.1,-2.94±0.38
281302108,L16471340473636,128.872966,31.071845,187.67,195.62,36052±566,5.63±0.09,-1.59±0.1
284204175,G16576716087653,82.708248,38.166958,95.24,129.78,24142±1236,5.43±0.12,-3.23±0.29
285303142,G17277593719236,9.627155,20.660329,94.43,92.51,35187±655,5.1±0.07,-3.04±0.27
286605184,G17301851398485,15.801407,12.002521,59.1,71.96,37878±716,5.5±0.09,-3.8±1.02
286711081,G17117641513849,40.090193,6.220654,41.55,47.3,31976±743,5.1±0.12,-3.08±0.4
289701025,G17074736647090,16.207883,5.289354,27.41,17.35,35606±538,6.12±0.1,-2.92±0.5
296116095,G16225066186864,101.12295,40.159949,39.49,41.98,38473±777,5.27±0.08,-2.76±0.21
296510231,G15605100874921,159.061483,18.009192,63.35,73.6,35234±762,5.2±0.09,-3.29±0.46
297409154,G15013503222620,186.205994,25.379267,63.51,81.38,32891±478,5.39±0.09,-3.39±0.43
306913244,G17368376991798,32.952202,47.535023,44.5,43.95,34347±1049,5.44±0.15,-2.68±0.31
308516120,G15482722473554,157.131881,26.418272,43.72,59.31,44003±1418,5.23±0.08,-3.4±0.5
308804227,G15179070750414,195.980991,37.973061,54.89,70.15,32801±684,5.01±0.1,-3.17±0.37
309105173,L17467852379868,73.954625,44.256877,351.96,379.86,34936±431,5.0±0.07,-1.04±0.04
309414093,G10034475392746,130.541385,-1.731691,67.47,73.98,35179±588,5.55±0.08,-3.19±0.5
315416120,G15550870799082,153.274845,0.163082,55.4,77.97,44563±1317,5.0±0.05,-3.78±0.16
316711055,G14900773302691,185.411275,7.477846,32.71,36.98,35605±840,5.1±0.1,-3.0±0.4
316810106,L15236641080382,212.540258,18.587146,35.31,36.79,34933±651,5.6±0.11,-2.69±0.3
322009042,G15810688469000,179.141141,54.830028,41.91,50.87,33478±371,6.0±0.07,-3.66±0.71
331909012,G15662855554076,160.106971,14.085156,30.36,46.59,34997±790,5.2±0.1,-3.32±0.53
334709122,G15257590934234,263.884468,47.22426,102.2,147.27,41999±1882,5.2±0.15,-3.83±0.35
336803066,G14488795723730,235.144846,8.746414,120.3,127.67,49175±1491,5.67±0.08,-3.85±0.25
339601235,L14970199381173,210.230926,5.246981,48.79,39.83,37999±1011,5.57±0.11,-3.7±1.28
342604025,G15386758655321,229.852889,33.223228,34.81,46.67,36179±676,5.96±0.1,-2.87±0.29
343302202,G13949749491760,278.237754,31.752177,33.59,34.63,24799±818,5.0±0.09,-2.03±0.07
343506167,G14891922304174,185.859429,16.083464,108.55,134.92,29672±880,5.1±0.13,-2.94±0.27
347003150,G14382156632616,247.36804,27.986673,64.64,53.0,29333±580,5.42±0.09,-2.94±0.19
347810239,G13753746612859,270.233607,6.463712,40.63,54.83,30646±916,5.01±0.13,-2.11±0.15
353307113,G13411904360922,342.045532,20.592469,110.68,147.31,40079±857,6.1±0.1,-3.7±1.18
353605184,G13393195894616,329.101298,5.851132,87.8,117.06,37126±759,5.7±0.09,-3.28±0.58
354008076,G17179641899646,31.857993,7.692758,76.41,108.81,42412±956,6.0±0.09,-3.67±0.9
354501074,G13462402977801,340.725828,12.390425,49.65,81.36,36115±1160,5.39±0.13,-2.68±0.37
354501228,G13428282894381,340.43198,11.890415,71.65,112.27,41774±914,6.02±0.09,-3.49±0.75
360011061,L14077651096714,294.953158,46.519658,32.68,49.83,25672±1185,5.0±0.12,-2.63±0.19
360116116,G14077451309653,293.25381,46.239681,66.92,93.76,35165±441,6.25±0.07,-3.7±1.28
361602070,G17205887316703,0.389817,32.93513,27.17,26.28,32784±380,6.17±0.08,-3.23±0.49
361615094,G17184940408167,0.464383,35.656059,39.52,37.03,39169±799,5.79±0.09,-3.7±0.87
361916054,G13615674667040,343.382964,52.638347,636.64,667.94,47888±550,5.4±0.05,-1.08±0.04
362102219,G14025124435132,285.19645,42.131242,49.59,38.62,31553±370,6.05±0.08,-3.61±0.7
362114149,G14032116423927,284.820431,45.107769,37.73,31.62,44009±1016,6.0±0.09,-4.15±0.43
363106058,G17471906245413,78.395491,44.233033,25.88,15.63,34692±423,5.21±0.07,-1.85±0.08
363610022,G17306266890542,20.953631,15.245134,83.67,114.68,32273±778,5.1±0.11,-3.12±0.31
364214050,G14076973500243,296.296283,45.91325,40.43,47.78,40653±794,5.8±0.09,-2.35±0.14
364414121,G17266175594799,1.913842,20.848882,49.61,66.52,32696±579,5.7±0.11,-4.1±2.36
364703058,L17396253193614,39.119049,8.734916,65.73,85.21,49999±1444,5.71±0.07,-3.1±0.41
367806223,G14071046719400,299.70319,40.383499,23.45,13.99,25537±1408,5.91±0.16,-2.7±0.26
367914055,G14084602622715,295.133667,41.740169,36.89,32.69,29000±2088,6.16±0.37,-2.98±1.12
369210027,G13198188006724,358.293694,1.778185,103.35,145.97,35004±730,5.46±0.09,-3.26±0.71
370203207,G14087890505158,315.359946,2.750827,49.48,32.08,24835±702,5.1±0.08,-2.72±0.1
370214051,G14088317146365,314.588475,2.458295,41.28,49.34,36848±1080,5.21±0.12,-4.0±1.57
370301137,G13332556584511,316.349466,0.463071,45.9,58.41,36127±673,5.73±0.09,-2.74±0.31
370314247,G14088295553174,313.92594,2.584796,35.04,34.2,31721±362,6.15±0.08,-3.3±0.47
371115138,L17293342631082,15.686291,8.604707,78.26,107.21,36000±1049,5.15±0.11,-4.0±1.2
371305042,G13399640438321,328.526792,8.96602,110.82,139.38,33191±534,5.68±0.09,-3.71±0.7
371614087,G14156007946385,315.096394,16.163677,54.2,73.97,39159±760,6.14±0.09,-3.7±1.41
378509152,G17131839504960,28.44165,21.109888,27.52,37.81,37653±633,6.11±0.09,-3.64±1.25
378816216,G13381279051238,328.989901,15.761084,55.43,66.4,47965±1203,6.2±0.08,-3.88±0.34
380302064,L13338808531324,322.389292,2.165794,67.47,83.52,32999±695,5.24±0.11,-2.73±0.28
380401020,G13238806287420,344.637742,7.560317,67.41,76.38,37340±855,5.53±0.1,-3.98±1.98
380716219,L16866627887172,27.769372,56.353898,63.15,73.46,36033±559,5.38±0.08,-1.71±0.07
381008079,G8941458367259,36.755753,-1.298805,59.96,71.04,27999±1188,5.18±0.14,-3.05±0.45
381011044,G17123615244601,36.481859,1.147287,45.69,62.29,33276±687,5.2±0.1,-3.32±0.45
381202220,G13418339998900,338.503666,2.421989,35.42,46.08,31825±685,5.02±0.11,-2.61±0.25
381202234,G13417816640497,338.691322,2.879761,37.83,49.37,37306±718,6.1±0.1,-3.01±0.52
384608230,G13440436435732,349.191118,19.376826,64.44,82.19,40605±821,5.9±0.09,-3.7±0.58
384906134,G9911195408226,92.392198,-3.517219,49.96,35.01,23796±451,5.43±0.06,-3.45±0.19
386910144,L17317765034997,3.029937,43.916862,29.63,31.05,34669±715,5.35±0.11,-2.07±0.13
387712098,G17409064488700,51.164118,21.219893,189.37,192.88,24112±3974,5.0±0.42,-2.97±0.31
388112094,G17590140756909,41.353148,32.757285,29.38,22.31,38556±478,5.8±0.14,-0.81±0.06
388502199,G9417648082566,49.877835,-1.172742,105.9,150.74,35585±585,6.1±0.09,-2.99±0.47
391816216,G17414165503667,50.772943,18.579281,71.85,84.49,24092±1137,5.1±0.12,-3.28±0.54
392101196,G16037486092148,125.19286,13.388886,62.15,71.91,27996±991,5.5±0.12,-3.6±0.57
393608096,G17552596702751,50.424376,43.777588,190.35,193.87,36253±1122,5.1±0.17,-1.07±0.1
399403146,G17106424985618,10.464553,3.757836,75.65,75.47,38068±1008,5.92±0.13,-3.7±1.93
399915187,G16101555629960,92.488271,23.888505,40.45,69.87,33560±767,5.14±0.1,-2.76±0.24
400109005,G15990922696004,93.768378,13.846814,25.18,14.47,34311±1314,5.27±0.2,-0.76±0.1
401216228,G15445861085853,169.205762,6.992267,59.75,57.39,31297±188,5.55±0.03,-2.41±0.05
402301152,G16176317681130,99.390383,21.877244,47.06,54.27,25322±648,5.3±0.07,-3.5±0.23
402403152,G15452888582163,171.290954,3.769092,96.19,94.13,35000±554,5.59±0.09,-3.31±0.52
402611203,G17385820101800,22.040945,42.780368,27.46,31.92,31631±681,5.4±0.11,-2.29±0.12
403511245,G16257764074624,117.73017,47.473045,42.75,40.18,22308±791,5.21±0.1,-3.23±0.27
405012051,G17385879282069,23.095317,42.143885,53.08,59.1,33175±461,6.27±0.08,-3.45±0.58
407116239,G15060653586456,201.877781,16.486529,121.96,142.11,39160±713,6.2±0.09,-3.31±0.68
408712206,G17487272310745,56.068529,47.28518,143.98,147.67,29602±4285,5.6±0.52,-2.53±0.83
408712246,G17487993984570,54.505712,48.169266,179.71,184.15,33999±3978,5.74±0.31,-1.71±0.7
409908094,G16113058486459,96.484882,25.43341,50.16,49.26,30692±663,5.1±0.11,-3.9±0.81
413804045,L17520580185513,64.360258,42.599165,98.6,118.75,53000±2849,5.5±0.11,-2.65±0.25
415808048,G16149938469755,114.80239,22.886563,43.16,40.11,32296±424,5.82±0.09,-2.64±0.17
417509165,G15406020332786,172.441762,1.741035,62.86,83.38,46376±1087,6.29±0.09,-2.18±0.28
419303182,G16000954562219,95.505007,11.136156,38.49,31.82,38490±412,6.0±0.06,-1.74±0.06
419503127,G15140666420883,211.513879,37.703626,83.04,91.66,36000±818,5.37±0.1,-3.21±0.45
420506247,G15647284270515,170.029788,19.198738,64.32,69.5,37806±684,5.86±0.09,-4.0±3.11
421305111,G15841922242060,145.444619,54.893433,46.29,52.59,47612±1602,5.63±0.09,-3.6±0.29
424909062,G15061352459997,201.282299,17.126841,38.44,55.97,33980±817,5.17±0.12,-3.76±0.74
425004173,G15107396768340,200.014401,16.158225,115.8,132.57,33584±677,5.1±0.09,-3.14±0.31
425508114,G14496381957556,237.220351,7.460223,51.47,55.16,33171±830,5.1±0.11,-3.16±0.35
426711080,G14743705195097,233.71464,56.146424,65.35,82.09,34748±763,5.2±0.1,-3.35±0.51
427613098,G14951920748161,209.340639,5.519368,59.84,77.82,35664±909,5.1±0.1,-4.1±0.47
428015019,G16098864657957,95.62427,23.67231,214.0,205.44,27446±4829,5.24±0.56,-3.5±1.68
435215114,L15506782204052,171.836569,23.605772,112.06,142.47,32095±733,5.1±0.1,-3.28±0.35
435912164,L16349497397067,137.787068,14.455208,105.99,114.45,31021±598,5.77±0.11,-2.92±0.27
436511228,G16201193412971,102.576865,14.027504,28.45,15.99,30999±525,6.24±0.1,-2.21±0.11
436909146,G16329244950022,125.85635,16.050197,49.68,51.96,27359±1007,5.3±0.12,-3.6±0.59
439209236,G15470428945417,169.554623,36.904351,46.35,67.3,36328±733,5.73±0.1,-4.0±1.95
441112199,G15188870318733,227.220836,3.943343,55.16,67.38,34621±826,5.1±0.1,-3.43±0.44
445707104,G15562618027982,151.922326,1.669103,75.95,60.57,23802±837,5.2±0.1,-3.57±0.37
446007207,L15284271820756,241.855993,48.698809,187.89,219.31,39232±742,5.89±0.08,-3.7±1.08
446506093,G15493045466783,159.303558,29.428245,68.96,88.41,33444±708,5.1±0.09,-3.31±0.45
447408246,G15591813798558,150.601024,5.759837,116.89,122.59,37930±812,5.2±0.09,-3.73±0.67
449201140,G14492001313503,236.012018,2.498693,39.76,50.28,38531±746,5.7±0.09,-3.21±0.39
449711046,G11192734219967,213.763833,-0.6623,62.85,93.78,42106±995,5.67±0.08,-2.32±0.19
449915145,G14341719923756,256.427684,4.433059,47.38,59.17,38249±762,5.84±0.09,-3.16±0.49
451502099,G16065412509527,119.375493,11.52058,32.86,35.27,28321±956,5.21±0.12,-3.46±0.53
453708250,G14333717069733,257.216581,2.999688,215.4,274.95,23999±2200,5.43±0.24,-2.71±0.37
456904192,G14994753947577,186.432561,36.268271,44.39,60.07,45999±1555,5.58±0.09,-3.25±0.51
457109103,G15203152202579,224.717498,6.644075,39.81,58.24,35997±724,5.44±0.1,-3.54±0.61
457204145,G14035337636880,281.163262,43.374406,63.75,56.44,32131±220,6.1±0.04,-1.71±0.03
457212134,G14035522339421,281.834455,45.648643,90.08,99.41,37024±691,5.72±0.09,-4.0±1.25
457614139,G14399364922645,265.970272,23.111057,32.22,30.47,31289±475,6.0±0.1,-2.7±0.21
457705164,G15396944461459,179.312877,2.575515,50.9,60.67,39064±833,6.0±0.1,-2.99±0.44
458004157,G15283119043228,243.59755,53.234714,47.31,36.0,26640±781,5.1±0.08,-2.4±0.08
458616135,G13746557652527,270.506097,3.124096,27.73,17.12,31728±330,5.85±0.07,-2.62±0.14
458616137,G13746562982637,270.361561,3.167084,24.71,16.42,33035±354,5.9±0.06,-2.43±0.13
459004161,G14296198818110,266.913844,0.927099,39.58,61.61,39228±776,5.23±0.08,-2.24±0.1
460405248,G13783191874790,270.029665,13.022046,82.48,91.67,22999±4859,5.5±0.58,-3.36±1.94
461105068,G14469246239395,241.355219,21.160001,39.59,51.22,35453±865,5.04±0.1,-2.93±0.31
461415102,G14305605693717,263.012993,1.758668,59.39,73.84,33379±404,5.58±0.07,-2.42±0.11
462013241,G14721338787340,265.21029,51.415014,103.37,131.22,23862±1814,5.8±0.27,-2.56±0.4
469313245,G16904821136555,16.202413,57.808847,31.62,18.78,26426±770,5.58±0.09,-3.35±0.34
470001175,G13288149524733,345.861952,26.416034,47.25,62.04,30998±614,5.5±0.11,-3.5±0.52
470016003,L13293365321054,343.614454,29.310361,113.65,162.87,37181±741,5.9±0.09,-3.7±0.78
470102201,G17306473398484,19.493935,16.448751,46.71,60.78,27425±1112,5.2±0.13,-3.9±0.69
472101010,G12769695948884,327.765699,-2.855693,55.48,71.25,41478±899,6.2±0.1,-3.66±1.1
473706221,G17587153890975,51.909779,38.134425,33.02,23.63,26295±880,5.15±0.09,-2.8±0.17
474207200,G13385856121375,330.629517,8.816398,73.58,88.79,32589±757,5.1±0.11,-4.1±1.3
475502094,G12761925735631,334.145706,-3.815385,115.13,147.0,33434±1333,5.8±0.24,-3.32±1.39
476104176,G16554322638879,84.612312,9.690523,81.84,88.27,32140±579,5.67±0.1,-2.24±0.09
476404171,G17297409675712,19.428386,6.14457,108.9,110.29,30223±431,6.0±0.09,-4.1±1.89
476509162,G13265264106764,359.36032,40.049413,37.98,42.03,34478±1063,5.42±0.16,-2.05±0.2
482903144,G17111448378569,42.86087,2.45366,63.43,63.76,30178±416,6.0±0.08,-3.7±1.23
482908079,G17386922792081,44.665301,1.78939,133.44,151.91,25671±928,5.06±0.09,-3.59±0.38
483112174,G16491567432295,132.28939,34.496586,44.17,46.29,28000±747,5.44±0.1,-3.55±0.31
484209097,L13259705848373,352.774377,10.015528,54.1,66.66,24072±1659,5.2±0.2,-3.22±0.56
484616187,G15571261245989,148.244212,12.655445,54.52,69.61,34223±764,5.41±0.11,-3.3±0.55
484710165,G17340237545899,27.285607,36.279172,34.89,40.77,31702±542,5.81±0.11,-4.13±1.74
485308150,G17250529535283,22.571071,22.890428,87.13,102.75,23604±2236,5.1±0.29,-3.13±0.74
487504223,G17198821336013,3.463742,23.846971,246.42,331.76,42022±896,6.25±0.09,-3.7±1.52
491409176,G15944748112134,92.893816,0.668014,60.2,83.05,37681±574,5.1±0.09,-1.36±0.05
491801076,G16252451450305,129.041173,54.012686,33.58,32.93,22677±837,5.11±0.1,-3.67±0.66
491806203,G15754139231830,132.648087,54.887017,27.8,21.18,21854±959,5.2±0.13,-3.31±0.53
491901094,G15567958847050,153.239751,19.422148,60.07,81.71,38999±818,5.86±0.1,-3.07±0.56
491901133,G15567559035169,153.664967,19.770378,59.78,85.62,41181±1239,5.24±0.09,-4.0±0.18
492013136,G17199857452667,2.099476,26.556476,51.88,43.5,35524±544,5.86±0.09,-2.77±0.42
492015245,G13299196690684,359.260671,26.690732,28.35,12.62,29016±792,5.1±0.13,-3.32±0.5
495915132,L17294055229919,15.645924,10.879292,42.42,52.67,48398±1615,5.51±0.08,-3.99±0.36
496802166,G17590191700428,40.565479,33.819669,46.04,51.18,31315±352,5.88±0.07,-3.51±0.48
496901098,G16261012641296,123.71335,40.929211,209.46,243.12,38448±873,5.1±0.08,-2.9±0.22
498013090,G17297838864187,17.75708,6.980678,77.26,105.37,47187±1196,6.26±0.09,-3.4±0.8
503802194,G16300705644343,131.530251,6.788061,51.27,65.17,31946±726,5.0±0.11,-2.88±0.22
503811118,L16297891563061,133.30285,10.082521,120.86,153.5,33851±474,5.01±0.07,-1.85±0.08
504610223,G17491736009425,62.175687,29.358434,33.84,35.77,28657±750,5.61±0.1,-3.48±0.42
505310156,G9351422154808,83.676399,-4.378996,50.2,52.52,22054±1129,5.0±0.13,-3.31±0.43
508015187,G15010728061398,182.45234,29.992862,54.92,66.59,34478±773,5.03±0.09,-3.39±0.57
525904143,L15404420906895,172.279342,3.229665,46.21,48.55,36286±728,5.68±0.1,-2.97±0.4
527514172,G16073814668966,121.659469,11.410458,255.18,282.35,37572±761,5.7±0.09,-3.05±0.43
527801188,L15231152602956,216.844743,23.8965,60.4,74.71,40428±935,6.2±0.11,-3.69±1.27
528011229,G16541936945221,73.249654,4.367389,75.08,88.36,33545±625,5.5±0.1,-3.47±0.68
528511233,G14979908132566,211.090515,9.11126,59.21,86.04,35683±736,5.6±0.1,-2.59±0.2
531304196,G15629525362117,162.083692,10.639787,40.56,54.42,33982±595,5.44±0.1,-2.92±0.25
531309055,G15653114064451,163.085735,11.797504,50.63,77.57,31111±746,5.1±0.11,-3.35±0.51
535702174,G17483014059115,63.392944,49.503077,54.08,93.47,26154±6573,5.38±0.68,-3.93±3.59
537403150,G16098047201036,92.23769,23.48982,270.45,341.92,30562±493,5.57±0.09,-3.94±0.85
545308072,L15292442999521,241.30964,31.022269,139.18,162.42,20294±785,5.0±0.13,-2.36±0.3
552509241,G11652049003211,244.56148,-1.590185,109.71,161.99,39792±696,6.24±0.09,-3.7±1.26
552515122,G11650044657614,243.409045,-0.887465,208.6,267.09,26000±1133,5.17±0.12,-4.19±0.83
553603227,G16507471459016,85.320508,2.280206,47.05,41.42,21547±906,5.0±0.11,-2.8±0.26
558103097,G15388903073911,229.126877,32.675152,41.3,42.77,34940±598,5.75±0.1,-4.0±2.47
558713168,L10451697175560,173.850518,-3.815469,82.44,134.33,45072±1532,5.82±0.09,-3.7±0.4
559410234,G15374954350416,213.524492,29.105604,49.23,55.41,36268±677,5.65±0.09,-3.7±0.94
563411172,G15316433602613,250.49984,48.39676,53.1,64.68,40416±802,6.24±0.1,-3.7±1.28
563809234,L15603122385466,154.67999,21.623528,108.86,152.87,33870±489,5.7±0.09,-2.66±0.19
563906039,G14694709923033,185.868411,55.562533,37.83,45.21,38545±733,6.26±0.1,-3.7±1.85
565104209,G14348097263202,261.418516,9.348589,123.48,135.45,39592±467,5.69±0.07,-1.37±0.04
566104149,G15254620099379,223.178864,17.91498,47.0,50.72,29019±701,5.7±0.12,-3.7±0.65
566504170,G14445783843785,231.306203,5.140379,47.13,58.05,38997±820,5.5±0.09,-2.68±0.35
566509242,G14444421432756,233.017167,5.61961,56.3,85.05,34000±638,5.65±0.1,-3.04±0.37
567004154,G10471238148468,167.835148,-0.009363,95.99,105.72,40812±940,6.1±0.11,-3.7±0.57
568015173,G15265805249570,259.422791,41.328339,63.6,84.0,38594±694,6.24±0.09,-3.09±0.68
568209080,L14777604853759,223.754008,58.900907,51.28,82.39,39820±744,6.27±0.09,-3.5±1.03
568415087,G15256394842219,267.160945,43.872449,71.06,101.99,40253±835,6.0±0.09,-3.7±1.37
571303172,G15217788097944,232.070291,20.430615,32.23,28.59,32067±430,5.73±0.09,-3.01±0.56
572007190,G14032215566584,283.48411,42.582246,145.16,152.41,35305±832,5.1±0.13,-1.26±0.11
572211178,G11152070468386,207.13114,-0.906549,136.57,191.61,33999±684,5.35±0.09,-3.23±0.44
573703208,G15188061810550,224.96142,2.223782,41.68,39.34,33744±682,5.5±0.11,-3.69±1.69
574104055,G15293487823158,244.526739,29.294461,56.48,57.09,28425±798,5.3±0.14,-3.86±1.45
576701091,G15156672251114,219.719538,52.819118,56.4,50.02,36490±710,5.55±0.1,-2.79±0.53
580506127,G14084502746243,293.62009,38.85677,25.37,22.98,41283±787,5.96±0.09,-1.84±0.13
580609128,L14085152308111,292.8886,39.561258,33.27,39.97,32623±552,5.54±0.1,-2.74±0.2
580706127,G14084502447006,293.63141,38.928101,21.84,23.97,43815±942,6.28±0.1,-2.05±0.13
581716162,G14030394701050,285.60748,45.427971,59.58,91.39,35299±825,6.02±0.13,-2.17±0.22
582716031,L15404036705042,174.191684,4.266222,32.08,35.32,35688±612,5.75±0.1,-2.95±0.32
582903144,G15367158983062,220.28091,27.079286,40.6,41.93,35145±677,5.48±0.1,-2.92±0.42
586606197,G13272063115059,357.84602,34.102943,56.52,68.48,39000±966,5.83±0.1,-3.24±0.53
586907208,L16607045378011,83.195622,26.772443,58.08,69.13,26519±3396,5.44±0.36,-2.02±0.27
587002212,G17165472166012,29.477026,10.591473,66.74,96.62,42137±871,6.21±0.09,-3.7±1.16
587107101,G16697176886843,58.01944,9.622415,35.12,41.22,32901±913,5.15±0.14,-3.37±0.56
587312032,G13817414552080,306.28845,9.343542,32.06,26.91,44064±822,5.49±0.07,-3.85±0.24
587603116,G13466801637940,342.949625,13.559648,229.31,267.86,41289±954,5.92±0.09,-3.7±1.08
587616225,G13466485808766,342.326254,14.791629,39.63,40.65,37332±945,5.7±0.11,-3.91±1.52
587811091,G17473441993671,52.517829,49.628869,26.7,25.96,35976±818,5.33±0.11,-2.48±0.24
587815157,G17473985371059,51.818269,49.398522,56.33,69.02,27000±1260,5.09±0.13,-2.43±0.2
588009200,G17076074611827,14.655506,4.520719,138.69,204.15,34696±588,5.53±0.09,-3.01±0.38
592414249,G14151823913888,318.7589,14.476175,63.58,60.48,25978±1269,5.6±0.14,-3.17±0.48
594202046,G14078783899846,292.8928,47.19374,31.91,33.56,34542±636,5.7±0.1,-3.3±0.62
601906006,G16965859572284,85.867839,56.380974,57.39,55.43,38907±2813,5.62±0.38,-1.74±0.35
602110037,G17544358773667,47.117967,50.589268,46.99,62.23,34964±346,5.38±0.06,-1.52±0.05
603012106,G17511767145218,71.841508,42.619268,106.49,128.43,39032±847,6.1±0.1,-3.7±1.31
606211219,G16100768849382,93.332541,25.524916,31.69,16.71,38370±897,5.81±0.13,-1.51±0.12
606211221,G16100810445439,93.053835,25.429364,43.38,39.56,41683±744,5.94±0.09,-1.77±0.1
612905107,G15797165041676,111.102606,54.680421,54.5,50.64,36030±718,5.31±0.09,-4.0±1.28
614009204,G16528963759698,71.996387,1.088792,52.07,81.02,38911±778,6.02±0.1,-2.88±0.41
614310035,G16100946471053,93.005704,24.879126,59.57,81.72,32691±1746,5.1±0.28,-1.62±0.23
615906076,L15966934794227,104.513016,7.463087,123.93,164.72,39424±757,6.1±0.1,-2.0±0.11
615909193,L15967895750767,104.301218,8.440671,133.44,155.0,22283±1480,5.1±0.17,-2.83±0.28
616714177,L16904732991739,14.189198,57.103792,38.65,29.65,28761±679,5.11±0.09,-2.88±0.12
617110130,G15630694749215,157.328059,6.039521,37.94,39.31,30904±751,5.2±0.13,-2.78±0.33
617207024,L15618311196767,160.256987,4.179547,160.99,171.56,31586±2503,5.3±0.42,-2.15±0.59
617409091,G16879798225458,19.835083,62.301667,27.03,42.45,38875±578,5.66±0.1,1.66±0.08
618608108,G17361791796555,35.197681,46.683757,46.79,50.33,33393±368,5.87±0.07,-3.3±0.4
618608110,G17361795843499,35.173589,46.937176,42.69,47.48,39152±747,5.85±0.08,-3.05±0.41
620207206,G16170475447757,94.612282,21.230329,807.06,909.14,24714±1353,6.29±0.15,-3.61±0.79
620307230,G16354906444011,135.739156,16.161989,95.45,113.91,41490±492,5.42±0.11,-2.96±0.09
628505211,G15563836617595,155.052977,5.171227,47.42,59.65,43384±1144,6.0±0.1,-3.57±1.05
628514077,L15555427907561,154.506807,7.356559,46.44,45.2,32900±928,5.13±0.15,-2.16±0.24
628704160,G17437349108586,36.199246,20.299532,36.54,45.01,37672±782,6.12±0.11,-3.72±1.7
629311244,L15455996740916,174.341792,7.949516,52.63,69.99,43904±1702,5.06±0.08,-3.7±0.21
631006224,L17369047498768,31.889959,39.822953,66.34,69.54,33785±428,5.07±0.06,-2.64±0.11
631804032,L15440249058779,166.289693,7.579985,58.8,66.66,35015±669,5.6±0.1,-3.12±0.36
631804057,L15439466394249,166.53002,6.905211,121.33,142.09,42999±1003,5.94±0.09,-4.06±0.25
631905139,G15058384850586,203.96098,13.044074,46.55,53.41,34797±787,5.2±0.1,-2.9±0.31
632412154,G14664202168121,210.418899,54.466034,44.8,47.31,35268±717,5.3±0.09,-3.75±0.56
641104247,G15982963580744,93.461918,13.525461,133.01,187.17,23999±889,6.12±0.09,-3.0±0.29
643510238,G15346192136424,218.912016,40.383178,162.66,192.95,37715±800,6.1±0.11,-4.0±3.23
643713065,L15978451942714,90.858321,17.41235,106.58,118.62,33585±115,5.14±0.02,-1.03±0.02
644014064,G14914834557832,220.070069,2.354658,70.78,84.74,40607±467,5.9±0.09,-2.4±0.3
645508202,G14602821303409,195.103056,74.078735,51.08,58.83,27812±1292,5.0±0.14,-2.84±0.19
647301237,G14601847647193,191.798104,73.242273,36.24,52.04,36338±1110,5.5±0.14,-3.88±1.36
647404069,G16354175853102,135.028182,18.607913,130.8,152.58,32383±336,6.1±0.08,-2.85±0.15
647502122,L9346533920938,88.799326,-1.494199,99.08,146.79,24925±5349,5.1±0.38,-3.41±1.4
647607127,G16009801692795,96.054636,8.929147,129.03,152.95,20700±736,5.36±0.1,-2.66±0.3
647615119,G16001325098525,93.967554,11.08984,166.89,254.08,24201±842,5.5±0.09,0.47±0.02
647709118,L16337989416000,125.372899,20.86872,104.84,166.29,49999±2272,6.03±0.12,-0.2±0.08
648911018,G15537264756613,141.269169,0.735248,70.65,86.26,26999±1084,5.08±0.1,0.15±0.03
649614137,G14668144246442,208.225555,57.4561,70.3,74.12,39447±911,5.8±0.1,-3.7±1.6
651404008,G14888247339740,187.209537,14.552904,140.62,194.08,34803±245,5.96±0.1,-3.11±0.11
651404238,L14888222196951,188.031083,14.714549,150.01,198.23,25817±2321,6.17±0.26,-3.35±0.91
651702120,G16726911822061,70.903397,10.918701,51.08,49.61,31540±745,6.07±0.1,-3.01±0.89
651805070,G9348998863973,89.616611,-4.015452,120.46,157.12,23604±382,5.0±0.03,-3.37±0.92
651903225,G15762981829316,113.382944,53.172325,89.76,82.0,29319±1417,5.0±0.2,-2.08±0.24
652008222,G15579090727137,153.278319,17.310411,133.77,100.45,23678±462,5.0±0.05,-2.19±0.07
655401055,L15013581942255,186.247252,25.669615,93.73,115.99,45663±3205,5.51±0.22,0.52±0.94
658108007,G16354313926379,135.452492,17.84303,47.16,65.77,32665±683,5.1±0.09,-3.61±0.67
660003175,G14878419079350,182.106905,20.632755,70.61,65.71,37918±658,5.79±0.09,-3.7±0.89
660609069,G14929361747053,206.859706,23.686987,46.07,79.74,33448±743,5.26±0.1,-3.53±0.55
662006068,G15290964619961,242.980119,26.406744,102.31,153.45,23858±3333,6.15±0.24,-4.0±3.87
663710031,G14529379362416,246.512518,9.482846,61.74,82.59,35419±714,5.62±0.1,-4.0±1.44
677902052,G12727174417308,320.649648,-1.106757,99.03,117.36,33279±665,5.1±0.09,-3.5±0.63
677910199,G12716206686636,319.316158,-0.263337,106.83,121.54,24038±903,5.1±0.1,-3.62±0.34
677910217,L13332886080791,319.984531,0.212568,53.15,63.72,37390±585,6.22±0.08,-4.0±1.68
677914211,G13333652275973,319.871285,1.408967,177.91,206.99,26035±728,5.03±0.07,-2.41±0.13
678116090,G16854855734219,35.306315,56.802917,36.76,36.34,43887±1193,5.93±0.32,0.6±0.38
678314170,G17343163171852,16.704927,34.799327,61.67,49.42,31563±218,6.03±0.06,-2.99±0.43
678411027,G17308472685978,20.900373,13.899213,34.57,42.24,33999±778,5.2±0.11,-2.92±0.34
678705234,G14160342511983,354.32725,45.333238,42.67,46.05,34184±486,5.1±0.07,-1.73±0.07
678807087,G14088899358688,315.581369,5.824853,106.69,150.48,38367±1048,5.62±0.1,-4.0±1.08
678814250,G14097616804614,311.59509,8.151934,94.11,117.53,30977±417,6.14±0.1,-0.41±0.07
679404239,G17243301428208,5.640519,32.880643,74.54,90.65,37508±367,5.99±0.07,-3.7±1.53
679512061,G15991525214911,93.612596,16.43978,188.13,183.59,25000±1724,5.83±0.13,-3.0±0.42
679815153,G17328246385287,16.044338,44.908849,58.84,52.71,29773±485,5.1±0.07,-3.21±0.2
685711036,G17301981408517,15.692962,12.008029,41.06,49.87,35999±814,5.01±0.09,-3.67±1.0
687015184,G16210021734544,104.302236,21.133039,51.11,66.82,26852±847,5.44±0.11,-3.49±0.11
688001175,G16030989012212,120.905652,18.684525,136.53,158.19,27999±7225,5.34±0.93,-2.83±1.49
688014236,G16032549946240,118.344527,20.863782,55.81,57.79,23076±521,5.27±0.05,-2.32±0.03
688710187,G15943408292474,92.021824,0.16639,48.79,60.06,27999±749,5.41±0.09,-4.14±0.82
688802086,G16205927043565,112.64166,12.787045,39.43,46.37,38264±871,6.2±0.11,-2.84±0.45
688808122,G16034009093374,115.29726,13.099716,47.82,53.89,39405±848,5.96±0.1,-3.09±0.54
689105202,G17212727457856,4.557676,25.188763,41.31,53.16,37718±703,6.1±0.1,-3.09±0.57
689710208,G17309914768136,13.66745,17.909375,41.84,46.11,36044±431,5.43±0.07,-1.81±0.07
696601116,L9941600247970,102.544295,-6.155318,352.21,292.49,41893±3363,5.44±0.06,-2.05±0.18
696702218,P15978215138888,91.22092,20.914087,52.45,56.81,26384±1881,5.57±0.15,0.95±0.05
696702240,G16167260882045,91.870709,21.46831,41.71,59.35,29445±1169,5.63±0.18,-3.0±0.38
696712204,L16099555697421,94.644074,24.481446,73.03,67.59,24121±1700,5.74±0.12,-3.08±0.57
696715186,L16101483134266,92.30121,23.8901,135.32,141.46,39441±565,6.2±0.08,-0.81±0.06
698405024,G16353158359737,131.580832,17.329685,62.04,43.0,32962±361,6.1±0.08,-3.02±0.42
699002168,L9417631731938,49.659636,-1.254749,309.32,354.75,28480±1627,5.0±0.13,-3.11±0.68
708407148,G16191075452039,111.931453,9.026736,95.45,146.08,45999±1472,6.07±0.1,-3.72±0.27
710209141,P17546972822436,42.319377,41.969272,85.79,116.91,29642±599,5.45±0.08,-3.01±0.36
711203025,L16522728990924,88.146253,13.322555,155.96,156.72,27440±100,5.86±0.03,-0.09±0.06
711810101,G16377681024043,147.19745,42.070126,75.16,88.78,27555±1037,5.29±0.12,-3.99±0.72
712108021,G17418103446487,56.328019,18.959546,226.71,252.96,33000±1407,6.25±0.22,-0.18±0.09
712116180,G17420312940043,53.956934,21.18048,175.17,229.76,23881±1014,5.0±0.08,-3.34±0.05
712613002,G16756423435089,73.813281,19.553307,78.25,109.98,41013±1112,5.7±0.12,-1.34±0.05
713402161,G16329419477914,125.646984,16.197011,187.68,195.21,24298±1083,5.81±0.1,-3.46±0.72
713709160,L16114068044518,95.527678,26.322971,69.53,86.78,41661±887,5.1±0.11,-1.17±0.08
713715180,L16114588772261,94.91343,26.24509,395.97,420.79,35439±455,5.03±0.01,-0.47±0.03
714210046,G16376780557929,147.466323,41.298805,42.63,53.69,30895±721,5.17±0.12,-3.32±0.5
714801002,G17542585607751,42.420716,49.145844,184.73,125.32,22296±1602,5.21±0.19,-2.49±0.31
715008093,G14851966823666,187.744226,2.042123,118.79,145.14,35668±696,5.47±0.09,-4.0±0.59
715014236,G14859167497268,184.116084,2.470862,46.83,56.18,43925±1225,5.43±0.09,-3.15±0.26
724102067,L15955580785690,91.868652,7.783915,67.11,84.53,35979±1737,5.1±0.25,-1.68±0.2
730902152,G15978713632048,91.551297,17.926741,105.74,154.35,20701±1484,5.9±0.12,-3.47±1.97
730904033,G16167882645574,93.313839,19.647668,312.11,364.16,23116±442,5.0±0.04,-2.03±0.06
731602185,G15991372332518,95.94616,15.82449,67.27,73.31,21262±4765,5.02±0.59,-3.4±3.05
733514065,G16169683922992,95.110535,20.539532,301.22,293.45,24388±5374,5.0±0.48,-3.99±4.49
733912151,G16340178936777,132.90307,20.054422,218.0,219.73,20360±1692,5.07±0.31,1.07±0.21
734002178,G10475029767450,167.061508,-1.234225,49.85,57.42,40833±861,6.2±0.1,-3.7±1.25
734412032,G15363068529276,210.765939,26.610479,46.95,49.34,38673±713,5.94±0.09,-3.79±1.19
739502241,G14385929587007,255.218474,28.06531,36.55,40.78,21208±689,5.36±0.09,-4.19±1.51
739601042,L10522728189099,146.076486,-0.296495,347.04,394.28,20465±2925,6.0±0.64,1.07±0.44
739715003,G14671007865471,210.498201,57.48805,43.07,57.78,32302±721,5.24±0.11,-2.99±0.38
739808020,G15327687015988,237.684123,27.912973,53.0,59.59,25640±1314,5.0±0.18,-2.94±0.44
739813018,G15326376693617,239.600679,29.046176,69.37,100.94,40405±1025,5.75±0.08,-3.7±0.82
740007207,G15436030873236,166.41753,1.655484,77.51,94.92,41532±988,5.6±0.08,-4.0±0.19
740605045,G16390374914968,152.697525,27.048109,91.94,117.94,31798±487,5.4±0.09,-3.86±0.71
740812096,G15225294169776,210.427596,22.504344,79.53,81.23,25330±943,5.0±0.1,-3.19±0.26
740902085,G14489181333392,238.667028,11.850366,49.42,63.19,26479±1239,5.0±0.13,-3.27±0.33
741101236,G16343363265279,128.229922,13.191231,52.78,54.35,27518±904,5.0±0.11,-3.57±0.35
741101248,G16343340650368,128.363357,13.043084,89.76,127.71,22033±1072,5.0±0.12,-2.48±0.24
741110195,L16326169169839,126.920935,14.222967,192.29,251.49,28999±2415,6.09±0.4,-2.77±0.79
742210099,G14545718894674,259.24452,16.185694,47.65,41.64,39755±1060,6.05±0.16,-1.43±0.13
742302218,G15199256419754,221.084268,10.828558,44.44,58.93,33517±718,5.2±0.08,-3.02±0.33
742602135,G15356948121650,222.197394,44.696425,62.84,74.82,38962±743,6.1±0.1,-3.69±1.35
742805019,L14536457945282,263.93477,18.425449,64.47,77.43,21893±1080,5.02±0.14,-2.63±0.24
742814094,G14550068488608,262.30709,20.781262,48.59,38.96,23120±713,5.0±0.08,-3.06±0.2
743605035,G13945516321383,274.15053,32.548184,35.24,35.78,27992±1215,5.4±0.14,-3.18±0.28
744002091,G14459454308174,239.605011,3.931072,31.26,30.0,33639±579,6.21±0.11,-3.08±0.73
745014122,G15352317539184,230.860813,44.716941,52.59,60.76,21150±627,5.0±0.08,-2.49±0.11
746204027,G15381176502562,224.467596,27.148108,52.29,61.16,32276±299,5.7±0.08,-2.92±0.42
746409153,G13792704438637,273.81808,16.905431,36.14,56.53,35695±543,5.26±0.09,-1.64±0.06
746712160,G13787387177613,278.97713,11.613377,62.55,48.31,25419±1436,5.24±0.15,-2.32±0.14
757405163,L14238370607996,324.041929,32.395463,139.99,188.51,27018±1191,5.64±0.13,-3.04±0.3
760412157,G16099612414210,94.69763,24.3538,633.37,574.81,23788±636,5.0±0.05,-3.09±0.01
768402187,G16549292235649,78.989593,2.3625,18.03,11.97,21336±681,5.69±0.09,-3.5±0.78
768508053,G16550126971240,81.71409,3.098588,191.7,202.18,35759±372,5.1±0.05,-1.69±0.04
768514067,G16551151678027,78.880694,3.852628,99.47,104.44,20000±702,5.0±0.09,-3.15±0.3
768608232,G15622377442224,163.017793,9.847535,100.81,114.95,43757±1024,5.52±0.06,-3.83±0.19
769301147,G16186165708720,110.03472,5.443673,171.46,230.01,27454±1715,5.3±0.14,0.02±0.04
769309111,L16200045359422,110.4399,8.270778,343.24,417.06,26103±2255,5.35±0.18,-1.03±0.04
769311013,G16197050838776,109.38443,9.209432,371.57,396.5,28999±1034,5.58±0.13,-1.02±0.05
769314152,G16198138630716,108.17276,7.65789,365.77,440.82,32627±397,5.0±0.04,-0.64±0.07
777714016,G10517169980153,139.301084,-0.14402,76.75,47.62,29999±189,5.11±0.04,-2.42±0.1
778102038,G17293558989364,17.106053,7.471146,68.34,83.49,32016±675,5.1±0.1,-3.7±0.57
778513013,G17577876083321,41.792187,37.951515,42.59,41.17,33637±804,6.11±0.14,-2.25±0.22
778602057,G9934008688445,109.081711,-1.47097,67.58,48.65,28401±858,5.2±0.1,-2.03±0.08
780114230,G16667199061800,61.903501,18.573812,71.27,89.17,25825±4386,5.22±0.35,-4.0±4.53
781814231,G16104438036499,98.301669,23.808988,89.15,94.63,32822±73,6.18±0.04,-1.89±0.03
781902035,G13437982428662,354.68781,20.183949,33.44,35.05,26597±672,5.6±0.11,-3.78±0.96
781903220,G13436409397774,355.396071,21.83251,23.94,13.14,29629±768,5.43±0.11,-1.99±0.08
782202028,G17384915150956,25.007327,44.557406,38.04,21.04,30993±1131,5.55±0.21,-2.59±0.34
782707056,L16584185832420,75.573014,28.870804,198.84,252.56,20000±5661,5.45±0.76,-2.58±1.41
782711092,L16591203774878,73.544349,32.211076,402.19,512.72,36723±756,6.1±0.18,-0.78±0.1
782903065,L15969022254694,103.592292,0.181851,473.21,432.27,35776±247,5.1±0.04,-1.37±0.02
782914249,P15969165959296,102.939409,0.482563,129.9,135.72,31697±4283,5.0±0.4,-1.76±0.24
782916063,L15972051953038,104.053284,1.768763,157.16,205.24,20936±884,5.0±0.12,-2.51±0.17
783309101,L15946936287473,92.375192,1.012004,43.25,40.01,39104±1691,6.06±0.26,-1.24±0.21
791814028,L16176807237457,98.389245,23.252002,61.38,51.13,23450±788,5.98±0.09,-2.7±0.28
792211033,G15068613441992,184.216582,19.313094,59.25,69.24,35425±763,5.47±0.11,-2.7±0.44
792502168,L17418849107584,55.316611,22.880558,135.35,155.63,29107±790,5.66±0.1,-3.91±1.3
793901054,G15395571595225,175.278617,0.548347,36.58,47.34,35012±624,5.79±0.09,-3.29±0.58
793902171,L15403790488542,173.694632,1.150306,54.21,72.38,32808±1222,5.09±0.18,-3.31±0.76
793912059,G15410292352449,176.446546,4.218228,76.86,73.11,31698±582,5.64±0.11,-2.91±0.25
795814058,L17584612904675,53.800247,38.729043,45.52,48.81,28000±8231,6.16±0.68,-3.27±5.82
797415143,G15622115278945,162.405223,11.26767,122.54,175.76,35797±699,5.6±0.1,-3.09±0.48
804408214,G14965512654845,207.564842,8.321019,179.33,216.55,38796±132,5.17±0.01,-3.7±1.7
804602246,G16671393394988,57.100428,15.889137,62.31,86.66,29999±2715,6.19±0.27,-0.74±0.09
804614094,L17412947292653,56.731569,18.283967,114.16,134.63,33999±15308,5.11±0.98,-3.0±6.76
805609032,G16708403838406,75.089156,23.457506,206.54,448.13,30464±191,5.59±0.02,-3.07±0.71
805702029,G16137452029626,98.925618,34.542112,156.24,196.08,25494±1258,5.1±0.13,-3.0±0.25
806307140,P16107904454628,90.958821,30.169207,46.43,52.79,36619±572,5.1±0.09,-1.39±0.06
811604088,L16060273385384,115.380699,3.595658,41.79,35.92,21670±587,5.04±0.07,-2.49±0.22
813004026,G16102387393499,100.519653,23.780679,129.97,141.29,20000±1605,5.3±0.13,-2.48±0.56
813302094,G15079774107822,190.937364,17.744533,34.34,45.63,32894±739,5.2±0.11,-3.11±0.36
814716016,G16346270934556,129.921041,13.465984,129.39,162.05,26353±1320,6.17±0.11,-3.7±0.86
815002169,G15399259412439,176.811384,7.215521,42.61,69.78,37364±773,5.83±0.09,-2.87±0.33
815109226,G15154867966027,219.627356,48.900832,76.03,129.92,36160±668,5.9±0.07,-2.96±0.37
820202228,G15274776632478,230.165721,50.419649,40.74,59.76,30000±821,5.24±0.13,-4.07±0.3
820301142,G14382961609189,248.238919,25.942472,40.09,60.79,37473±861,5.85±0.11,-4.0±2.0
820615132,G15247955859359,230.798121,13.750701,63.15,90.21,36955±702,5.64±0.09,-4.0±2.38
836707095,G14151626093169,320.684992,15.14485,120.97,137.61,26000±2269,5.73±0.24,-2.75±0.35
837214145,G17219701253353,15.00538,29.74924,44.82,36.38,36500±287,5.45±0.04,-1.2±0.04
837216019,G17219849856024,14.57835,30.01867,41.29,37.01,39362±213,5.33±0.05,1.71±0.05
837303101,G8937518543061,42.165932,-0.967495,88.51,101.13,36882±585,6.0±0.09,-3.13±0.46
840002197,G8797832704374,0.278224,-3.806503,38.91,45.53,34013±656,5.7±0.1,-3.28±0.63
840312200,L15969040531501,102.834859,1.20809,151.31,145.11,27999±2275,5.0±0.25,-2.36±0.28
840313158,L15969143254905,102.919163,0.326766,162.19,156.79,23556±6926,5.85±0.48,-3.04±0.19
841309035,G14163872640461,344.39426,47.411154,34.15,31.95,30101±537,6.29±0.11,-3.7±1.57
841310144,G14218854522343,340.51863,46.387375,27.0,22.09,28936±786,5.43±0.1,-2.61±0.14
841311065,L14164449428172,343.42625,48.488347,20.19,13.54,52592±1700,5.64±0.09,-1.61±0.09
841312096,L14164791098381,344.50005,48.236559,60.53,45.71,26064±428,5.33±0.05,-2.99±0.08
841315130,L14164384110713,343.38405,47.699867,52.88,50.23,30938±233,5.54±0.04,-2.41±0.07
841316179,G14216891615595,341.07133,48.140768,29.79,23.09,28553±567,5.58±0.08,-2.76±0.13
841402113,G14156078891458,313.937794,17.177795,37.44,34.11,27053±717,5.12±0.08,-2.72±0.13
841512049,G14142679521443,316.411663,21.220748,86.07,97.12,29575±1410,5.28±0.22,-2.99±0.4
841715132,L17525933627234,58.156089,25.082819,14.54,11.03,23483±910,5.35±0.11,-3.7±0.81
842511174,G17104628509288,10.330873,5.346471,176.83,192.53,20921±612,5.0±0.08,-2.9±0.26
842906125,G17145435078777,28.666748,16.314767,83.79,90.33,32010±933,5.66±0.1,-0.25±0.05
842913149,L17144452096352,28.595907,17.895513,40.72,47.31,23049±1394,5.0±0.12,-1.64±0.07
843101175,G13818519906842,306.942526,6.593166,94.57,99.26,39132±193,5.5±0.04,-0.27±0.03
843309202,L16744624282264,79.824285,16.704809,52.29,74.86,23510±1141,5.0±0.13,-2.66±0.18
843405133,G17065955434254,12.334709,6.419363,82.97,117.74,43805±1051,6.0±0.09,-3.89±0.27
843614046,G17414553361870,52.105683,18.346152,56.9,71.36,34097±221,5.04±0.04,-2.88±0.43
843803090,L17433171509160,40.68584,22.653728,62.38,77.68,39562±920,5.48±0.09,-3.7±0.99
844002067,G14137736105034,304.1257,19.525119,39.06,31.61,29567±431,5.3±0.06,-2.17±0.07
844005211,G14137722195675,303.89887,19.88419,23.13,24.63,39085±1013,5.17±0.1,-2.36±0.18
844009148,G14138096292283,305.75434,21.680633,31.01,27.2,33615±436,5.3±0.07,-1.19±0.05
844009153,G14136204208917,305.19451,21.864743,17.9,14.4,29767±753,5.52±0.12,-2.8±0.25
844010109,G14123392041152,302.60266,20.406385,26.13,17.92,31658±382,5.62±0.08,-2.25±0.09
844101039,L16206835063401,109.816679,15.664332,145.0,152.42,23115±1265,5.0±0.14,-0.12±0.05
844504059,G14238484070803,323.22469,32.276681,22.03,19.34,42291±292,5.55±0.08,0.81±0.07
844506099,G14241543254782,324.73968,31.483736,44.41,29.81,25464±1630,5.03±0.17,-2.91±0.28
844510043,L14235856115550,320.57278,31.176048,32.15,27.13,30820±462,5.49±0.08,-2.35±0.14
844605209,G13667387781918,355.51748,56.162474,25.41,25.5,28258±804,5.79±0.11,-2.9±0.2
852702086,G12761794747572,334.132619,-3.907983,18.55,12.38,35376±591,5.54±0.09,-2.02±0.11
853009111,G15799138956499,102.10322,54.245035,34.88,38.93,29700±789,5.4±0.12,-2.17±0.14
853910166,G13622374226696,357.309849,50.533855,34.88,34.77,35279±318,5.91±0.06,-1.61±0.04
854612056,G17547796462884,39.715336,44.553094,26.9,26.65,43552±1033,6.29±0.1,-4.17±0.57
854614145,G17361882193622,35.820217,43.852357,37.29,31.46,23336±504,5.0±0.06,-1.83±0.05
854714233,L16445472220693,124.554146,40.383933,55.12,66.58,31300±891,5.76±0.13,-1.59±0.07
855005074,G16788711808507,6.411333,70.17652,76.45,143.09,39073±833,6.2±0.1,-3.1±0.64
855215072,L14234647144949,323.602371,25.296885,180.0,217.07,30052±643,6.28±0.11,-0.5±0.05
856410192,G14226140540821,330.964179,30.048925,58.09,57.51,29942±844,5.63±0.14,-2.76±0.27
864110025,L16036639643720,115.648918,15.025046,68.1,64.09,29956±684,6.19±0.09,-2.92±0.29
865002138,G17076236715370,14.635397,4.983163,60.19,77.41,33999±770,5.22±0.1,-3.01±0.35
865011020,L17293300848840,15.296328,8.653181,52.04,60.98,36318±727,5.6±0.09,-3.25±0.56
865015023,G17293245942388,15.708629,7.839592,192.08,259.03,30974±793,5.33±0.11,-2.15±0.21
866201102,G17266984453457,4.903614,18.221871,152.34,180.33,27805±1000,5.98±0.09,-3.68±0.85
866711186,G8805771370327,5.775421,-0.056955,29.78,34.89,33999±1018,5.2±0.13,-2.72±0.3
867605145,G17576813764236,38.88706,36.199502,47.23,58.37,23000±1756,5.41±0.21,-3.5±0.81
869705174,G17140777287030,32.946908,14.666089,48.01,51.23,25197±787,5.0±0.08,-2.35±0.09
869810216,G16537762533562,74.658416,6.796538,121.41,97.46,49791±688,5.89±0.11,0.62±0.2
869908057,G16068078226252,122.624692,1.628203,45.72,52.29,42480±711,5.26±0.06,-2.23±0.08
870204019,G17071577818062,13.961024,2.060704,49.69,50.36,31677±735,5.0±0.1,-2.74±0.24
874412029,G13357096716964,334.07082,8.321384,79.83,75.96,31865±723,5.68±0.13,-2.67±0.33
874511238,G13354892123497,333.120415,8.059791,219.81,248.16,29008±1240,5.0±0.17,-3.03±0.45
879401123,L16706579104155,67.571389,17.075532,99.87,124.59,22789±953,5.71±0.09,-3.84±0.81
879414049,L16700090602294,64.807708,19.477164,104.76,127.86,20999±1718,6.13±0.29,1.47±0.35
879502150,G15991353222174,95.121176,16.988505,405.37,523.41,27697±1763,5.0±0.2,-2.93±0.05
879508215,G16181371428505,97.376453,17.377582,56.78,53.94,26909±623,5.0±0.06,-3.0±0.25
880002160,G10041538266067,126.439957,-1.90929,47.21,43.2,32710±543,6.0±0.11,-3.0±0.44
880915154,G15409210845960,178.239068,4.63434,41.66,50.05,34508±687,5.41±0.09,-3.22±0.41
881716240,G17411226641098,49.902817,24.19776,84.68,72.44,35401±312,6.02±0.09,-3.1±0.76
882112037,G16339589425304,133.198403,19.174174,138.12,24.55,26528±1146,5.13±0.12,-3.09±0.25
882405109,G15864264030530,161.581059,56.161832,48.36,61.09,36749±641,6.08±0.1,-3.01±0.46
882801078,G15986982666885,96.497579,16.570235,373.39,523.01,35448±979,6.16±0.12,-2.78±0.69
882815038,G16182420156520,96.798266,20.122262,505.5,676.34,22502±1434,5.0±0.11,-1.89±0.08
883104045,G16714696186097,67.029746,19.600825,306.33,417.76,31805±541,6.15±0.09,-2.07±0.18
891606046,G15370204836002,216.719325,32.959253,149.28,140.17,30246±871,5.42±0.13,-2.82±0.37
891910115,G16298844522284,130.312782,11.457408,27.49,20.67,32000±574,6.06±0.11,-3.21±0.78
891914222,G16342651478585,129.973631,12.866555,446.24,541.11,27649±356,5.75±0.04,-2.43±0.36
894511242,G16714947174016,67.402095,20.885777,38.23,20.42,32780±380,6.1±0.08,-2.44±0.14
894714088,G16344550590442,130.341258,18.134202,169.49,213.2,47469±1702,6.01±0.07,-1.16±0.16
898016019,G16170093804868,94.372546,20.040585,122.63,169.95,30649±612,6.13±0.09,-0.73±0.04
898102019,P15972587236233,102.910513,1.24259,75.32,63.79,29499±614,5.83±0.06,-1.88±0.03
898116203,L15971065263861,102.041745,4.821108,55.83,67.52,41809±526,5.13±0.08,-1.03±0.04
898304091,L9955439061504,98.759464,-3.480456,140.88,178.71,35999±937,5.95±0.11,-4.0±1.06
902111024,G14715833767638,259.352579,50.054388,37.55,48.53,36559±803,5.7±0.11,-4.0±2.3
902812127,L15046407068370,187.304037,29.129701,102.0,106.7,26457±1018,5.1±0.11,-3.52±0.34
903114236,G15628292585779,159.780178,10.622034,153.32,170.74,28077±1443,5.0±0.14,-3.7±0.54
906809243,G14345769533481,260.7589,11.032344,48.13,53.94,35473±355,5.79±0.06,-1.46±0.05
906815169,G14542790172797,258.79843,12.068386,80.48,86.21,37777±190,5.78±0.03,-1.51±0.03
908108046,G14549700625665,261.47911,21.139205,61.86,54.4,47917±343,5.83±0.06,1.02±0.11
908110201,G14540373706336,258.4118,20.077251,49.13,33.16,29427±1290,5.62±0.22,-2.98±0.6
908202150,G14032037310078,283.50055,45.101171,20.19,20.08,28809±1398,5.1±0.18,-2.68±0.27
908212012,L14031091844562,287.4414,48.453168,50.84,25.87,30642±1268,5.6±0.23,-2.47±0.38
908213023,L14076234421721,288.62099,47.628008,30.7,24.76,31279±1033,5.8±0.15,-2.54±0.14
908801234,G13577434510727,271.69147,58.147661,20.23,17.67,29189±746,5.48±0.12,-2.92±0.26
910505081,G14074884183698,289.07648,48.131915,33.12,32.01,32474±432,6.22±0.1,-2.59±0.2
910508219,G14078561320786,290.71698,48.247389,86.93,85.59,21780±705,5.0±0.09,-3.06±0.3
911308096,G14544075841675,262.94714,16.838013,73.24,66.31,38185±390,5.33±0.04,-2.9±0.12
911403093,G14011600266047,284.24697,19.03022,41.88,35.62,34423±342,5.65±0.06,-1.63±0.04
914314222,G14085028188114,292.001429,40.975762,77.92,94.17,23166±398,5.0±0.07,-1.99±0.05
938009197,G16839101352411,2.493416,49.184795,45.36,41.83,27372±2811,5.19±0.31,-2.41±0.36
938803008,L17088957566487,8.226011,12.807439,89.31,105.01,35498±737,5.16±0.09,-3.54±0.98
939202020,G14185754296142,334.03314,52.879941,26.86,34.27,38895±890,5.8±0.14,-1.51±0.13
939206199,L13663338961527,340.56229,53.542598,93.94,99.43,35202±463,5.4±0.07,-1.48±0.06
939207177,L14182009270301,338.88861,52.245614,35.43,33.98,46848±422,5.66±0.08,1.02±0.13
939416215,G9945676557723,105.869402,-2.593602,65.3,78.41,21999±1020,5.09±0.12,-3.37±0.4
939715035,G10119848909996,112.105202,-1.602288,27.05,29.19,29100±988,5.0±0.14,-3.13±0.06
947516193,G17372290668666,27.059267,42.13127,52.84,58.28,21929±766,5.04±0.1,-3.89±0.99
948705199,L16612155687725,86.140026,28.135485,35.17,35.13,30999±518,5.43±0.09,-1.94±0.07
949102123,G16273698506993,109.43248,50.026421,24.7,18.31,32941±361,5.73±0.07,-2.12±0.11
949303003,G13613808135517,357.61782,52.277751,32.82,21.98,45240±2349,5.7±0.22,1.92±1.22
949311042,G13610902218093,359.76766,55.041573,27.6,22.17,41814±1248,6.04±0.14,-2.35±0.31
949313044,G16846610441279,2.344199,53.093939,46.32,42.54,30311±1610,5.66±0.25,-2.8±0.56
950309218,G17203960360358,8.539132,23.742421,35.63,45.12,36057±745,6.1±0.11,-2.59±0.32
950810036,G16345457182712,129.908936,16.520747,128.38,174.54,29070±544,5.21±0.08,-3.97±0.54
951207080,L17447717235690,48.637636,16.216266,143.03,154.99,29173±683,5.0±0.1,-3.25±0.07
960103195,G17517574997423,67.992756,45.112732,70.36,85.45,30838±1463,5.02±0.21,-1.77±0.18
960108118,L17520126031887,70.078923,44.18744,132.83,178.93,20000±1806,5.04±0.23,-3.47±1.2
960115082,G17518351623149,67.844226,46.156965,369.34,513.6,23077±1118,5.0±0.12,-2.06±0.03
961702055,L16166474807609,91.308588,22.046686,80.85,83.62,26056±997,5.44±0.11,-3.19±0.3
963905130,G15134566832512,190.799042,44.926208,82.22,93.99,31772±472,5.4±0.08,-3.96±1.44
964211072,G9449313548052,65.508313,-0.88799,67.68,79.54,23700±618,5.51±0.06,-3.78±0.51
964701041,G17250923867495,24.683675,19.303786,32.97,45.85,37418±877,6.2±0.12,-2.41±0.3
965011059,G17399869862845,44.450738,10.079131,35.91,30.77,50300±486,5.86±0.07,1.01±0.17
965416018,L15459072777883,172.692306,9.673849,38.06,40.87,31950±765,5.1±0.13,-3.16±0.39
966211063,G16182659838206,99.185187,17.956279,30.69,36.11,35843±376,5.46±0.07,-1.58±0.07
966710079,G16097650762848,90.989782,22.801821,90.76,104.76,33974±553,5.06±0.08,-4.06±0.99
974113046,G15865321445761,163.835922,54.077591,70.95,90.4,34764±520,5.4±0.08,-2.66±0.38
975405121,G16429040766487,147.157674,36.453236,41.82,52.44,34976±771,5.39±0.12,-2.95±0.43
975814149,L17451469835778,44.959648,14.313483,194.3,212.12,23000±1346,5.31±0.14,-3.8±5.29
976007248,L16402151147543,149.795678,36.50232,47.92,54.02,31341±584,5.31±0.1,-4.14±2.73
976501058,L17175617265247,34.279772,6.299368,140.28,140.28,20000±269,5.16±0.03,-3.64±0.75
977202191,G17522583512643,65.904422,43.033984,52.94,59.68,34253±717,5.21±0.09,-2.68±0.21
977603081,G14946399238639,208.897034,16.522748,116.19,125.3,35999±682,5.51±0.09,-3.35±0.58
979110011,G14946996635693,204.513785,0.713201,105.91,103.97,23395±795,5.1±0.09,-3.56±0.38
980207087,G15034430985626,192.325131,28.824201,52.56,56.62,33934±370,5.94±0.09,-3.33±0.73
980501214,L15986960495128,96.127687,16.367609,99.13,90.81,33109±334,6.24±0.06,-3.17±0.3
988604041,P10508110469031,172.119165,-4.115991,104.07,136.57,28679±1718,5.5±0.16,-1.95±0.19
989002078,G9939695720134,105.804757,-5.763794,60.56,71.25,22815±3702,5.0±0.44,-2.46±0.64
989507068,G10462694442660,158.35384,-0.040793,60.67,60.21,41400±850,6.01±0.08,-4.07±0.3
990107084,G16175437784206,102.519792,21.380648,45.52,55.28,27205±2181,5.1±0.24,-3.2±0.52
990116133,G16105861858072,99.834965,25.061808,18.23,23.17,33301±577,6.05±0.11,-3.73±1.66
991802057,G16166497366298,91.026124,21.968652,62.39,50.37,24931±538,5.4±0.06,-3.31±0.19
992210128,G10507588408092,169.848106,-4.858251,221.07,246.2,27999±2830,5.38±0.34,-3.57±1.29
992514098,G15344504521454,226.456764,48.816815,75.34,85.43,25223±1491,5.0±0.16,-3.23±0.16
993504044,G11036482663402,194.517465,-2.337843,136.68,169.29,37771±946,5.51±0.08,-3.27±0.41
993515095,G11037940220197,193.80751,-1.768405,39.06,45.4,34378±607,5.75±0.1,-2.98±0.47
994606034,L14698438751845,198.865841,53.536577,257.62,297.67,21780±1797,5.0±0.23,-2.02±0.25
995602016,G16334012368575,129.545298,19.161194,31.77,37.78,35999±683,5.92±0.12,-2.61±0.3
995703108,G15613127661476,159.35045,18.683309,40.27,45.88,33999±590,5.55±0.09,-3.33±0.65
995714212,G15612894328419,158.546628,18.878696,76.87,89.71,36140±336,5.42±0.06,-0.93±0.09
995901076,G15168304582860,213.712093,51.589736,39.78,53.85,27335±1108,5.03±0.13,-3.4±0.33
998213102,G15404240756461,172.902488,3.113165,150.6,178.75,26978±1985,5.2±0.17,-3.9±0.97
998312060,G15068749886658,184.692818,18.767666,61.99,60.84,32901±712,5.71±0.12,-3.7±1.59
998503176,L14422357109268,264.903361,32.946323,147.88,160.51,23545±853,5.13±0.09,-3.23±0.26
998504147,G14422275125231,265.554918,32.504421,94.66,116.85,20755±525,5.47±0.07,-2.35±0.38
999505149,G14868666887306,192.038192,8.139537,100.7,112.28,30808±566,5.6±0.11,-3.7±0.83
999601233,G14465138502295,242.039085,3.549757,41.85,48.71,29685±921,5.06±0.14,-3.24±0.41
1000302003,G9930908039924,111.047488,-0.127731,67.49,84.66,26000±3060,5.15±0.31,-2.74±0.44
1000414009,G16311972209770,138.181533,22.461606,43.52,52.19,31371±810,5.09±0.13,-3.35±0.63
1000704250,G14493747818215,236.23671,4.10316,81.14,93.44,32492±677,5.1±0.1,-2.71±0.24
1002404240,G14742337066778,234.795062,54.652953,48.59,63.13,27206±967,5.0±0.11,-3.73±0.11
1002709221,G14301229870973,267.47246,6.074253,88.65,83.42,54125±1402,5.8±0.12,-0.46±0.09
1002812167,L16313253959148,144.565683,14.178567,35.32,48.14,36812±941,5.32±0.11,-4.0±3.62
1009608207,G15102081954181,192.684816,12.237427,50.19,57.51,36911±596,5.9±0.09,-3.07±0.43
1009803083,G15306356702451,244.311008,32.272751,61.47,64.22,33972±728,5.2±0.11,-3.31±0.55
1009903052,G14425979103451,258.503099,32.814271,75.01,84.67,38624±738,6.1±0.1,-3.7±1.15
1010114006,L15055573092924,197.065391,20.119245,267.96,298.94,23892±1276,5.88±0.18,0.87±0.2
1010403194,G13911326579519,273.013562,30.169155,184.46,189.58,38551±723,5.4±0.07,-3.7±0.71
1010701093,G15103263538920,192.595901,17.371338,67.19,61.95,25090±514,5.03±0.05,-2.23±0.05
1010907121,L15210304160975,228.664669,21.335242,90.3,112.15,35589±1345,5.1±0.13,-3.53±0.73
1011111174,G15316427830370,250.32514,48.253501,58.76,74.02,32609±618,5.02±0.09,-4.04±1.02
1016503052,G15003024391906,190.06836,24.436324,110.4,122.45,36598±638,5.88±0.09,-3.39±0.85
1016511233,G15033293390000,191.796891,25.740877,116.38,138.13,35000±806,5.22±0.1,-2.88±0.29
1016802072,G14030790436236,284.465243,47.602593,55.49,56.46,25620±1169,5.53±0.13,-3.62±0.55
1017401236,G14400450971379,267.086992,23.764789,61.34,48.2,48552±785,5.64±0.06,-1.82±0.09
1017802090,G13888173248638,271.38835,36.9869,59.98,47.76,28173±450,5.17±0.06,-2.75±0.11
1017807241,G13894919866130,275.24036,37.118682,56.4,43.11,37141±323,5.62±0.05,-1.5±0.04
1017809120,G13896913923941,273.92826,39.751678,43.86,57.57,31059±636,5.86±0.12,-3.32±0.74
1017901061,G13888363015410,273.02429,37.10269,97.54,82.05,36133±228,5.45±0.03,-0.88±0.03
1046402056,G17130281517324,26.066561,19.337155,67.67,95.39,37814±999,5.43±0.11,-4.0±1.5
1046503086,G13341100906772,323.683319,10.48919,41.47,52.03,28744±1002,5.0±0.13,-3.04±0.28
1046814073,G16963433255777,68.462662,55.878897,120.86,176.32,33849±583,5.1±0.05,-1.11±0.03
1046907058,G16193012685582,103.33772,10.523216,56.66,63.38,31457±1787,5.0±0.27,-1.93±0.22
1047506027,G17245891521935,9.500004,29.64045,44.22,30.58,45589±987,5.38±0.07,-2.08±0.11
1048004108,L16736788549151,86.722259,20.807981,44.94,53.73,40731±790,5.61±0.11,-0.76±0.06
1048114042,G16167972880729,94.176672,18.868134,35.94,28.22,22081±457,5.73±0.07,-2.73±0.25
1048114209,G16168036984604,94.61408,19.36622,506.58,638.2,27439±673,5.0±0.09,-2.21±0.09
1048308203,G16904198647156,12.0004,57.476769,31.33,23.27,33332±364,5.6±0.06,-1.68±0.05
1048414191,G14230503266485,321.935902,33.419686,134.09,173.76,24999±884,5.48±0.1,-3.29±0.11
1048613053,G16763661356428,71.328306,16.369075,58.54,98.1,21308±435,5.0±0.09,-2.43±0.07
1049102042,L13608655844519,351.66353,48.926971,41.32,38.27,34362±449,5.24±0.08,-1.47±0.06
1049404019,L16739291171468,78.376405,20.640642,66.02,70.11,21126±574,5.0±0.06,-2.38±0.14
1049814242,G14094332331043,319.781868,8.916159,47.54,62.05,35660±855,5.84±0.11,-1.06±0.08
1055106199,G16660894680280,62.679035,5.225244,113.51,111.19,24709±1045,5.0±0.1,-2.93±0.02
1055405138,G12887519349699,340.697127,-4.329966,67.2,73.06,34735±510,5.7±0.06,-1.56±0.03
1055610212,G10063333893228,118.604291,-5.763478,28.86,21.32,32004±627,5.57±0.11,-2.02±0.1
1055613225,G10094585370014,121.746159,-4.702777,33.98,15.39,30883±1493,5.11±0.14,-1.84±0.1
1055906009,G13296865562161,342.06777,28.441043,32.51,22.95,31547±365,5.56±0.07,-2.28±0.1
1055910194,G13282344849037,338.870879,28.809186,38.01,41.64,32931±495,5.51±0.09,-3.07±0.44
1056204024,G16178838986203,100.494671,22.797131,255.77,340.27,22135±401,5.0±0.11,-3.96±0.19
1056905179,L8941904390842,35.810881,-1.902845,190.82,247.08,28358±2884,6.3±0.36,-3.01±0.16
1057110027,G13329952570629,352.315854,31.02089,42.8,50.0,26477±984,5.1±0.11,-3.97±0.59
1057116243,G13327441490467,352.3943,33.77896,40.96,33.15,37489±297,6.0±0.04,-1.52±0.05
1057214199,G13327961257629,351.325196,32.034612,67.07,94.34,30999±1246,5.99±0.14,-1.84±0.06
1057616029,G16140435278240,102.030765,33.051659,426.41,453.15,23122±399,5.62±0.03,-0.92±0.01
1058009032,L16182578897969,97.606268,19.611653,307.2,343.56,27173±3005,6.03±0.25,-1.73±0.07
1058306055,L16940946462552,55.151477,55.970581,126.6,168.48,36365±3342,5.15±0.18,0.6±0.37
1058311040,L16941751289348,52.42804,58.435124,108.77,123.86,22999±1824,5.71±0.22,-2.96±0.54
1058706151,L9423456175818,53.919451,-0.426259,103.52,108.55,24336±655,5.0±0.06,-1.51±0.09
1058912078,G9905583006837,95.817339,-2.273139,16.02,13.17,35848±575,5.81±0.11,-1.5±0.09
1059314158,L16342645521274,130.119863,12.821725,342.31,377.63,22775±1265,5.09±0.13,0.21±0.2
1070101158,G10450206719652,171.487412,-0.161587,50.94,66.47,37323±732,5.9±0.1,-2.68±0.26
1070203247,G15983986730698,90.548653,15.969753,58.41,51.6,36339±767,5.66±0.13,-1.41±0.09
1071701049,G16129694817194,109.07559,25.81931,66.78,52.47,28323±1338,5.47±0.18,-2.9±0.28
1072507052,G10507034093037,170.083026,-5.004825,45.01,46.55,35460±403,5.1±0.06,-2.98±0.36
1073911052,L16434439808072,141.2045,26.863277,199.21,232.84,32126±578,5.1±0.08,-3.17±0.39
1074109035,G16972907983811,73.350338,56.337129,47.27,68.28,25688±894,5.04±0.09,-2.65±0.13
1083314242,L15458537173852,174.051453,6.878239,92.25,103.13,33527±484,5.79±0.07,-2.48±0.11
1084302174,G9693120699328,46.027197,-3.926243,42.06,56.98,36896±1057,5.8±0.15,-2.96±0.67
1084407243,G9416371410419,48.392364,-3.354275,104.76,125.99,23789±152,5.0±0.06,0.92±0.06
1085511104,G16343258310018,128.162061,13.855816,30.1,35.5,37046±1636,5.1±0.16,-2.78±0.52
1085714071,G15432797262659,168.23923,0.950388,98.88,81.77,23707±676,5.0±0.07,-2.39±0.05
1086303080,G10039336254750,125.149631,-4.199165,178.53,200.7,36828±578,6.1±0.09,-3.01±0.44
1086810170,G10096323832022,124.273433,-4.830919,56.36,61.58,39732±808,5.9±0.09,-3.68±1.12
1086914179,G10039190645131,124.765452,-3.801834,85.79,89.42,20000±1239,5.23±0.11,-3.18±0.83
1087402174,G10045946886641,125.647227,-5.995029,82.04,108.08,35384±960,5.42±0.13,-3.52±0.92
1088014157,G16570048264489,89.702288,34.081907,24.89,23.72,30928±2146,5.2±0.27,-1.33±0.14
1088101171,G16216563438918,107.127425,13.716028,17.12,12.69,44000±537,5.85±0.11,0.96±0.16
1088101174,G16216657439512,107.49012,13.478312,17.43,12.58,36511±534,5.67±0.1,-1.3±0.06
1088101194,G16216641340812,107.673438,13.710814,32.86,25.42,29284±425,5.63±0.07,-3.43±0.28
1088205160,G16398766476733,150.420629,38.598983,37.6,31.58,20713±595,5.03±0.08,-3.1±0.25
1088511020,G16696076715139,60.395421,7.949391,46.69,50.51,29192±586,5.62±0.1,-3.55±0.65
1089303144,G15550483652469,153.664791,2.305683,81.72,97.51,38956±695,5.9±0.09,-2.29±0.19
1096814219,G16203654500088,103.189698,16.032736,67.87,88.17,22443±238,6.17±0.06,-3.02±0.05
1098914058,G11622394099754,235.539878,-0.559575,127.86,130.69,20000±3379,5.09±0.29,-4.0±14.38
1099903018,G10473743480757,168.395152,-3.913096,205.19,164.79,31000±85338,5.79±14.98,-1.55±14.45
1099912169,L10506276632523,170.68032,-2.159681,73.46,66.92,32999±4152,5.14±0.59,-2.66±1.44
1100310058,L16297182246726,131.256786,7.871558,132.42,104.71,20000±1358,5.51±0.1,-3.11±0.94
1100705119,G16215902936658,107.638979,12.765267,46.89,44.44,31045±719,5.33±0.08,-2.75±0.36
1102106048,G15089568907352,200.778329,9.219545,94.2,92.34,29335±1835,5.46±0.15,-1.78±0.15
1109014246,G16032519945286,118.344318,20.656408,80.81,95.77,28973±2892,5.45±0.27,-3.02±0.35
1109205095,G15653228211099,162.661359,12.457651,66.31,76.67,33828±532,5.95±0.1,-2.72±0.31
1110910112,L15832840731080,175.514196,60.896576,111.16,125.78,34823±532,5.45±0.08,-4.12±1.68
1111111122,G15103211527463,196.180168,12.927829,44.27,42.3,28999±1254,5.86±0.1,-1.39±0.12
1111302051,L14438535099821,232.145883,0.427316,114.27,112.5,32723±1825,6.1±0.18,-0.09±0.07
1113402044,G10064726225850,118.578463,-2.792082,57.39,49.71,26282±709,5.16±0.08,-3.4±0.26
1113513156,G15558323276581,150.629062,0.327306,28.62,29.83,22316±1122,5.0±0.1,-2.45±0.3
1113613208,G10447434035911,176.125432,-1.311513,83.37,107.04,33999±767,5.32±0.1,-2.73±0.36
1116803021,G16426143715436,144.750775,25.503742,29.91,28.13,37966±829,6.23±0.12,-3.0±0.71
1124404092,G15115900054341,194.923012,16.80815,112.67,103.91,36701±293,5.57±0.04,-1.9±0.06
1125108210,G14536413840941,264.78081,18.348884,39.76,40.99,31336±863,5.1±0.13,-3.9±0.93
1125202187,L15244004280761,223.765472,13.18934,43.18,51.8,30880±984,5.4±0.18,-2.49±0.35
1127105148,G14083778537593,291.64615,44.216548,40.51,35.77,44245±1371,5.6±0.12,-2.62±0.2
1127107117,L14086824619219,293.79616,43.508408,55.45,38.42,29883±3686,5.74±0.57,-2.31±0.51
1127110114,G14083333286688,289.45538,44.294629,63.51,50.91,31369±240,5.54±0.04,-2.03±0.04
1127110125,G14075919467957,288.28306,44.179902,27.42,20.32,36249±459,5.81±0.08,-1.49±0.07
1127702163,G14066929073117,299.436556,48.180461,39.23,41.94,28154±835,5.32±0.11,-2.68±0.15
1137402210,L17506639106815,59.531259,40.170073,37.28,59.99,29166±2311,5.73±0.29,-1.77±0.24
1137602018,L17434590711455,35.523937,24.082993,47.42,49.52,46309±1388,5.38±0.1,-1.77±0.12
1137703197,L17564479205261,37.096154,25.588518,243.58,239.14,28675±453,5.04±0.05,-1.85±0.05
1137812153,L13204226132957,354.312289,2.013496,41.03,30.23,30290±407,5.49±0.07,-2.49±0.15
1138216155,L13248155103585,351.413734,11.175113,32.06,29.29,35280±430,6.05±0.07,-3.24±0.46
1138709170,L14041343939049,294.783349,37.571881,469.99,448.41,23980±583,5.02±0.06,-2.27±0.06
1138713224,L14042336358542,296.399803,37.199524,44.09,12.08,29181±563,6.1±0.07,-1.52±0.15
1143201173,L14272787968103,308.270534,30.686767,272.38,335.65,33000±797,5.3±0.11,-0.87±0.06
1143204023,L14270171364300,307.737265,32.636313,471.93,632.27,31999±840,5.7±0.11,-1.19±0.03
1143304043,L16893606838851,10.664469,56.558297,183.33,202.2,22522±313,5.0±0.03,-4.15±0.17
1143308232,L16901520395160,12.766843,56.401054,115.4,107.08,30957±255,5.61±0.05,-3.06±0.15
1143312120,L16904860904790,14.614478,58.191787,57.81,55.13,27363±547,5.11±0.06,-3.29±0.17
1143712015,L16668598122815,61.79496,19.704804,36.18,30.54,38731±641,5.04±0.06,-2.37±0.11
1144006208,L14202114266816,333.116009,36.123431,580.65,801.99,30672±994,5.96±0.15,-2.37±0.27
1144711218,L13198634146929,359.706155,10.029627,37.0,48.39,33841±696,5.4±0.11,-2.88±0.29
1145002089,L16625029602088,78.695461,34.818548,33.45,34.7,29630±504,6.06±0.08,-3.1±0.28
1145103175,L14112829835049,318.561891,22.065608,38.64,30.69,29751±371,5.43±0.06,-2.96±0.14
1145110160,L14110586670244,317.861698,22.008711,24.86,17.3,30980±522,5.71±0.08,-1.92±0.06
1145313234,L17396617177932,40.23248,7.910192,67.36,65.72,23924±2752,5.25±0.3,-3.63±0.89
1145402202,L14289896320003,315.19338,32.844779,38.57,55.94,25735±2157,5.35±0.23,-3.02±0.48
1145407250,L14290259762187,317.981069,33.432234,101.13,84.18,29041±295,5.43±0.05,-2.72±0.08
1145408100,L14290326346342,318.000602,34.56419,46.47,34.34,50403±783,5.82±0.05,-1.91±0.06
1145414179,L14292782670559,314.197403,35.670579,63.24,61.95,34944±552,5.55±0.11,-1.46±0.1
1145416109,L14293189944251,315.650304,36.486255,91.94,82.6,29072±372,5.58±0.1,-2.61±0.2
1145513003,L14287958915388,319.172628,35.602464,703.99,747.54,30637±802,6.17±0.15,-2.57±0.62
1145702094,L16623945972812,78.839685,34.8061,27.69,15.79,23123±737,5.81±0.09,-3.63±0.61
1145901054,L17419260296455,54.302835,23.115438,32.51,27.49,33215±400,5.63±0.07,-2.97±0.2
1146114162,L16110518171089,95.730674,28.470699,95.98,105.89,34384±364,6.15±0.04,-4.0±5.82
1146202005,L14141635504017,317.850376,20.753934,21.21,15.67,22237±967,5.04±0.12,-1.53±0.11
1146202114,L14141262166994,318.429858,20.194129,22.83,14.8,36828±684,5.82±0.1,-2.94±0.43
1146210112,L14110695457714,318.200074,21.081044,53.64,62.85,32984±662,5.1±0.11,-1.77±0.09
1146213215,L14112195538911,321.680166,22.1465,49.1,59.96,37030±1979,5.58±0.28,-1.78±0.29
1146214038,L14112748288750,318.086545,22.25844,131.37,118.55,42363±762,5.47±0.06,-2.94±0.19
1146214227,L14109347911229,317.835654,23.145629,126.89,125.87,31727±151,5.6±0.05,-2.17±0.06
1146303005,L14185600224796,334.782656,50.671964,86.86,62.3,20024±463,5.3±0.09,-2.3±0.21
1146303049,L14185540735975,334.833966,51.033521,106.22,73.02,23979±665,5.24±0.08,-2.87±0.13
1146306039,L14216458796444,338.798866,51.043396,39.05,33.59,27690±2517,5.3±0.28,-2.36±0.25
1146308187,L14182625208120,337.023925,50.243901,50.8,37.23,47864±2629,5.79±0.18,-3.81±0.51
1146315056,L14182394716946,336.643894,52.443878,180.33,110.96,42999±811,5.52±0.09,-1.91±0.09
1146315133,L14182454569785,335.735518,52.04243,46.88,26.12,26274±1655,5.26±0.17,-2.91±0.16
1146316113,L14182293704060,335.076251,52.791666,124.69,107.27,33571±459,5.62±0.08,-1.97±0.07
1146802088,L16953536705927,54.773041,58.709314,21.01,15.91,23611±925,5.0±0.11,-4.03±0.9
1146813134,L16948667251959,62.066404,60.902998,85.77,122.51,30037±592,5.46±0.05,-1.13±0.04
1146902061,L16949122658563,55.195681,58.989374,42.66,53.27,20622±772,5.15±0.1,-3.38±0.52
1146902155,L16954351870213,56.685844,58.229847,27.84,15.6,28780±601,6.19±0.09,-2.39±0.07
1147009039,L15773447097675,101.551025,65.510983,128.51,156.02,25000±3561,6.24±0.25,-2.36±0.04
1147016213,L15774827897763,97.383967,66.124594,134.61,157.45,31106±729,5.0±0.06,-1.58±0.04
1147102143,L15910160437747,104.390172,68.080623,167.2,138.79,37713±2042,5.73±0.35,-1.42±0.28
1147203237,L17217064319910,21.189785,26.249925,130.23,129.46,21849±203,5.0±0.02,-3.97±0.63
1147602143,L16566795364378,82.37881,35.246886,27.1,12.63,35521±887,5.2±0.11,-1.79±0.18
1147703040,L13409542747187,344.614306,22.172431,29.82,27.13,37291±757,6.11±0.11,-3.7±3.07
1148306106,L15947337224899,100.078681,1.02755,393.37,417.03,20737±1937,5.02±0.24,-2.19±0.17
1148307023,L15947312716242,99.956096,0.792412,57.65,62.75,23102±2547,5.0±0.28,-2.14±0.31
1154707041,L17016569981610,24.584974,66.077187,496.49,501.77,23940±1646,5.05±0.19,-3.6±0.77
1156004044,L15954056574251,93.146908,7.261452,23.63,25.17,34149±440,5.5±0.07,-1.35±0.08
1156007066,L15953833651375,94.444253,6.119716,55.12,63.66,20000±722,5.08±0.09,-3.62±0.59
1156012124,L16002233910636,94.767921,9.129105,26.49,21.0,53000±1267,6.29±0.11,-1.23±0.11
1156015164,L16000400730133,93.510157,8.400273,25.07,18.73,35455±354,5.41±0.06,-2.39±0.12
1156909038,L14182073214439,337.696238,51.911823,85.96,48.88,32777±1276,5.7±0.25,-2.44±0.24
1157402092,L14185610438454,333.727215,49.612059,88.86,77.44,38061±1098,5.18±0.14,-2.8±0.58
1157407219,L14216839102495,337.357092,49.666845,47.03,56.05,22298±2350,5.05±0.28,-2.31±0.36
1157409022,L14182872734037,337.312496,51.445254,32.09,20.26,33321±1454,5.38±0.23,-0.94±0.18
1157911124,L16248025540660,114.871067,36.825029,32.38,22.99,31382±416,5.2±0.08,-2.09±0.08
1158103177,L16895368330345,10.23853,57.139062,24.88,20.46,29035±541,5.8±0.09,-2.74±0.17
1158103178,L16895488952359,9.339832,56.878803,37.56,30.48,33067±307,5.73±0.05,-1.87±0.06
1158115205,L16894998223333,10.37479,58.183782,27.92,24.78,33504±562,5.1±0.09,-1.36±0.06
1158210219,L16863180825453,31.249132,54.110676,38.81,30.95,40778±522,5.92±0.06,-2.8±0.18
1158411123,L15996756514473,100.311336,7.052486,58.96,60.08,26918±631,5.17±0.05,-2.88±0.1
1158412003,L16008476852673,100.968191,6.066064,65.56,49.56,34529±273,5.66±0.05,-1.89±0.03
1158503235,L14185924195153,333.962638,51.578535,42.62,38.93,26785±2426,5.27±0.25,-2.35±0.27
1158505063,L14182695537299,336.009552,50.63446,39.29,28.46,40345±2782,5.36±0.3,-1.97±0.34
1158505130,L14182759674829,336.529754,50.252416,85.28,71.93,25506±945,5.08±0.1,-2.8±0.12
1158515059,L14182393364547,336.570584,52.38683,74.86,50.34,26719±806,5.31±0.09,-2.87±0.06
1158606153,L16999565775334,63.740224,63.926563,418.02,431.66,27078±3389,5.0±0.3,-2.64±0.65
1158702059,L15760441809607,126.58992,59.339133,63.36,41.99,24599±3458,5.41±0.38,-2.96±0.74
1158714068,L15884594374171,125.547539,61.256759,44.5,46.87,33691±1117,6.0±0.2,-3.42±1.05
1159113118,L15970850460658,101.607155,5.532093,40.01,43.25,25858±1628,5.02±0.13,-1.76±0.06
1159213105,L13645123093667,339.367309,52.240402,137.25,132.8,33427±405,5.18±0.07,-1.34±0.05
1159214150,L14186029118230,333.680466,51.304203,69.89,59.95,25771±797,5.2±0.11,-2.67±0.18
1160103189,L16004410840664,99.237631,5.115094,44.42,11.59,35516±708,5.63±0.1,-2.25±0.13
1160115230,L16009008162414,98.888899,5.996359,498.66,495.29,24270±252,5.0±0.03,-1.87±0.02
1169813248,L16886546986602,3.722648,62.808489,253.15,273.63,36297±1007,5.1±0.16,-0.8±0.1
1170203029,L15935341903655,149.540511,64.12024,50.77,45.0,20582±943,5.0±0.14,-2.28±0.23
1170804070,L17029586159073,27.844124,63.410032,46.36,54.72,31637±839,5.12±0.13,-1.44±0.1
1170805192,L16857808521690,27.381863,62.569396,32.2,63.21,34383±2293,5.1±0.35,-1.38±0.25
1171406080,L16787529419402,6.270184,72.674725,483.7,570.3,25488±1937,5.09±0.25,0.82±0.29
1171708152,L16855675021297,34.675188,54.312466,65.31,58.43,21935±312,5.0±0.04,-3.21±0.15
1171804250,L16569084684249,80.550292,36.833337,296.54,313.96,22260±1109,5.11±0.09,-3.56±1.49
1172702159,L15738842117859,96.7009,48.745169,49.82,42.9,30344±743,5.6±0.14,-3.63±0.95
1172715079,L15753731784666,96.906309,51.893515,44.96,71.07,28601±1011,5.1±0.09,-2.96±0.25
1173215086,L15829018207344,165.613133,61.725218,27.77,22.65,33540±1795,5.89±0.31,-2.44±0.77
1173302179,L15948839827937,98.267964,2.988851,111.48,112.75,30245±414,5.78±0.08,-3.64±0.59
1173306194,L15971295121602,101.643755,3.907253,49.62,53.05,27869±2718,5.0±0.25,-2.77±0.18
1173902036,L9932895488190,107.349412,-3.330143,18.25,13.33,31763±1004,5.34±0.18,-2.39±0.24
1173902112,L9933028170750,107.751449,-3.8398,29.7,32.44,33661±698,5.18±0.11,-1.98±0.1
1173915096,L9932087850317,108.10902,-0.915494,47.36,29.03,32130±258,5.4±0.05,-1.68±0.03
1185003007,L17257804050514,22.912891,14.250933,114.23,92.85,32441±523,5.64±0.1,-1.88±0.12
1185202066,L16219669660913,95.740975,42.762184,28.1,10.85,21125±785,5.27±0.1,-3.38±0.75
1185504134,L16569786492829,80.434042,36.379647,71.53,114.31,28308±676,5.45±0.09,-2.34±0.09
1185905206,L16590383386101,74.573553,30.593051,48.04,55.47,37714±489,5.62±0.06,-2.85±0.23
1186001075,L16182261213103,97.504424,17.932798,25.85,28.43,28243±1384,5.78±0.15,-3.56±1.7
1186403139,L15860171253930,174.440012,60.517739,30.81,33.15,36550±708,5.98±0.1,-2.91±0.51
1186605192,L17468190023938,76.134298,45.553411,21.0,22.24,44879±848,6.14±0.11,-1.13±0.08
1186704012,L16193734671309,105.718996,7.781638,84.12,78.86,33510±215,5.6±0.04,-1.45±0.04
1187213190,L16857657619247,37.441945,56.000886,83.36,111.12,23840±2090,5.0±0.18,-3.68±0.08
1187413045,L17502323630945,63.501681,35.16213,53.24,65.1,22527±664,5.0±0.06,-1.96±0.06
1187704012,L16567488594678,80.451153,35.953118,90.05,131.81,22407±722,5.31±0.09,-2.63±0.28
1187811184,L15975064776054,106.205662,1.502846,30.03,25.81,24519±746,5.4±0.08,-3.49±0.46
1187813161,L15962269462066,107.348263,0.233022,61.69,80.16,23847±1717,5.28±0.15,-3.89±0.2
1187914163,L16026065603372,129.56109,2.058667,95.58,127.97,29957±489,5.32±0.08,-3.63±1.2
1188213190,L17000822148323,72.542483,65.934238,94.81,101.33,50888±5626,5.88±0.45,-1.58±0.57
1188307148,L15888014179865,136.253396,62.627818,123.64,143.53,34925±1750,6.02±0.34,-1.69±0.29
1188414160,L15823914228539,168.526307,65.914044,41.57,46.27,26000±1203,5.46±0.1,-3.36±0.68
1188507115,L14680388090883,203.965228,62.685987,40.26,43.93,46984±1068,6.1±0.09,-3.04±0.34
1188602152,L15957672327275,92.288575,5.27679,24.33,21.24,28510±1523,5.32±0.18,-2.23±0.13
1189302070,L17236722546653,13.836255,34.26831,20.79,17.55,28749±1093,5.43±0.15,-2.81±0.25
1190001145,L17539231265567,56.557284,30.117658,34.6,51.31,34420±575,6.25±0.08,-2.39±0.14
1190008054,L17538610732305,58.535696,31.902979,29.0,23.61,39983±722,5.1±0.11,-1.15±0.08
1204703209,L15871107763815,135.307502,43.077063,29.01,32.78,35556±751,5.58±0.11,-3.01±0.45
1204705190,L15834616366751,136.472687,42.387539,49.32,35.64,54963±1048,5.79±0.05,-3.02±0.09
1204804099,L16454467588191,136.253102,42.953669,85.1,107.9,27488±535,5.1±0.1,-2.31±0.06
1204809188,L16457837029832,137.526632,44.343406,80.6,96.43,26194±1269,5.1±0.14,-3.54±0.55
1205107224,L15384133267037,226.014816,30.093512,71.39,84.52,34337±644,5.48±0.1,-3.58±0.81
1205115045,L15389407596827,225.165938,32.878946,48.47,54.77,39178±672,6.2±0.08,-3.9±1.26
1205311024,L16195447391132,91.472944,62.623306,36.67,32.64,26366±756,5.22±0.08,-2.62±0.1
1205312073,L16196130740667,94.500561,62.368963,22.02,20.73,35845±572,5.49±0.1,-1.7±0.09
1205409202,L16014340948463,109.250179,62.635877,31.02,28.66,34476±431,5.7±0.07,-2.22±0.09
1205612021,L14833366593525,216.46362,66.264094,81.38,96.15,21696±1422,5.5±0.21,-3.26±0.81
1205805074,L15531572548663,136.775822,0.592398,49.96,56.54,30492±522,5.9±0.1,-2.97±0.39
1205810033,L16286756230502,135.186892,0.96188,88.18,87.27,29705±585,6.0±0.11,-3.71±0.76
1206506069,L16556289356652,85.256949,9.102741,20.25,13.98,25558±924,5.63±0.1,-2.6±0.12
1206512110,L16282811199996,84.727644,10.753608,17.89,11.8,31049±690,5.38±0.11,-1.68±0.07
1206610224,L16276316797571,127.154812,-1.12279,37.7,24.38,32495±245,5.8±0.04,-1.1±0.03
1206612149,L15779038492701,128.770848,1.235389,24.43,15.86,28060±546,5.57±0.08,-3.4±0.36
1207004159,L9471218812662,56.979125,-2.703177,126.86,157.25,25380±1441,5.17±0.13,-2.24±0.08
1207015130,L9471448701811,56.982961,-2.0566,92.79,86.41,25304±5273,5.0±0.54,-3.49±2.01
1207103008,L16629335974927,82.174236,31.805674,55.75,47.59,26810±580,5.29±0.06,-2.67±0.09
1207202078,L16401993521404,148.984778,36.353562,30.31,36.26,33159±687,5.76±0.12,-2.69±0.37
1207301036,L15127803190584,198.576065,49.997786,32.21,41.52,33979±555,5.99±0.11,-3.34±0.81
1207509064,L16015649105451,132.251201,2.669928,107.16,126.02,24954±1391,5.2±0.15,-3.52±0.47
1207903012,L15163526830004,209.910041,46.205292,47.9,53.88,26969±1196,5.2±0.13,-3.91±0.79
1208207192,L15562630472712,152.285485,1.540266,52.57,61.0,48984±1396,6.2±0.09,-3.62±0.2
1208208089,L15564032292593,152.981069,3.251556,58.91,67.9,38643±698,6.17±0.09,-4.03±0.86
1208413243,L15230285874813,220.888047,24.911516,115.33,142.52,28477±1726,5.7±0.33,-3.01±1.36
1208713076,L15437213419795,231.369472,63.162598,74.22,78.71,32295±2021,5.47±0.22,-3.7±5.09
1208810144,L15654151899911,139.962682,1.681485,44.99,47.5,31246±371,6.1±0.08,-3.7±0.72
1209010223,L15778843340015,96.8784,7.927376,72.91,87.9,21798±791,5.0±0.1,-2.33±0.12
1209115149,L15996157282826,123.042748,66.844912,38.5,43.81,38728±1138,5.29±0.1,-2.09±0.16
1214003087,L15546559872381,140.802934,1.782991,111.33,116.81,26999±955,5.06±0.11,-3.26±0.31
1221703049,L14821389548457,215.366113,71.405917,451.18,392.71,26660±270,5.41±0.03,-4.0±0.23
1223114240,L16010443721080,96.099595,9.826069,204.53,228.25,26999±5721,5.36±0.33,-2.47±0.3
1223202154,L11620305801656,231.51512,-9.011138,32.31,36.7,36504±648,5.52±0.1,-1.65±0.08
1223311074,L16196229753596,105.87438,9.783824,80.04,65.95,41355±168,5.56±0.03,-0.35±0.03
1223313148,L16200088236201,107.962284,8.806504,197.81,215.27,42511±1658,5.36±0.11,-2.39±0.1
1223402097,L10033966293296,133.415152,-1.401921,34.9,48.7,38346±770,6.11±0.1,-2.42±0.24
1223508223,L15426159663168,176.124705,16.746388,25.08,17.11,36756±680,5.31±0.09,-2.15±0.14
1223607090,L15152473075475,204.698157,32.751565,42.5,52.68,29864±732,5.1±0.11,-4.0±0.74
1224101063,L15888039353054,133.301872,62.745896,390.08,520.92,22661±329,5.0±0.08,0.09±0.06
1228806094,L14321052533447,269.941355,14.655779,63.02,75.38,35225±1622,5.51±0.22,-2.95±0.67
1228909182,L16450291443802,141.670342,40.280054,68.7,84.97,28103±1020,5.1±0.13,-3.57±0.56
1229203075,L15339653582604,238.597213,31.159601,42.68,45.44,40102±839,6.08±0.1,-3.06±0.58
1229403200,L15176080909139,198.120022,45.688716,83.35,94.1,39691±696,5.61±0.07,-3.7±1.21
1229515165,L15340886090555,234.022576,30.606782,57.58,66.66,38774±657,6.2±0.09,-3.29±0.8
1229515174,L15340947731676,234.37241,30.74829,39.6,48.06,38811±739,6.1±0.1,-3.7±1.6
1235703054,L14749001647796,241.903009,61.861108,79.9,95.9,31570±769,5.1±0.12,-3.51±0.61
1235703100,L14748940636988,242.088426,62.498485,125.4,143.86,33453±531,5.93±0.09,-4.06±2.07
1235703181,L14779030969724,241.561625,62.670881,52.09,60.13,30144±599,5.1±0.09,-3.01±0.24
1235904229,L15399964966967,179.242618,7.257803,38.2,47.5,35499±686,5.35±0.11,-1.54±0.06
1236002144,L14970249348650,210.364884,6.019638,32.94,44.63,38976±773,6.24±0.11,-2.78±0.42
1236110212,L14775964136043,230.169823,58.721666,45.79,57.46,36041±674,5.59±0.08,-4.0±0.53
1236204025,L14027023786046,284.242833,39.143242,240.29,295.16,22654±254,5.0±0.03,-0.77±0.04
1236209031,L14024721452498,285.674181,40.238672,144.57,199.31,36891±530,6.08±0.22,0.21±0.58
1246407016,L14832785332079,212.929846,67.630907,92.72,109.67,34685±1300,6.02±0.25,-2.08±0.39
1246514074,L15310884066884,240.297392,41.471828,110.78,143.02,39440±609,6.06±0.09,-3.7±1.41
1246712049,L14473220571506,238.253597,14.725215,433.48,479.57,28298±1571,5.98±0.19,-3.81±1.78
1246807207,L14044881469714,288.637879,34.440269,42.54,37.88,34656±475,5.21±0.06,-2.75±0.19
1246815036,L14082814112651,288.460212,37.523746,40.83,17.16,31499±501,5.22±0.07,-2.29±0.1
1246815132,L14079385707573,287.854864,36.927072,47.52,37.34,23704±623,5.0±0.07,-2.59±0.11
1246815203,L14079301914591,287.952784,37.53848,43.18,34.85,36841±324,5.54±0.05,-1.41±0.04
1246815231,L14079729599645,286.960111,37.467833,75.92,73.17,36148±295,5.41±0.04,-1.55±0.06
1246913245,L14046997693888,290.087349,36.796165,92.72,139.61,24169±3580,5.12±0.44,-1.14±0.37
1246914151,L14079066494791,285.534713,36.651404,102.27,82.94,41780±4711,5.1±0.23,-3.09±1.58
